symbol,name,current_mv
TTI,"TETRA Technologies, Inc.","998,716 USD"
FUBO,"fuboTV, Inc.","997,056 USD"
CDRE,"Cadre Holdings, Inc.","996,827 USD"
VTNR,"Vertex Energy, Inc.","994,212 USD"
SQZB,SQZ Biotechnologies Co.,993 USD
HDSN,"Hudson Technologies, Inc.","992,274 USD"
AREN,"Arena Group Holdings, Inc. (The)","99,061 USD"
MYPS,"Playstudios, Inc.","989,046 USD"
MSBI,"Midland States Bancorp, Inc.","988,312 USD"
DMRC,Digimarc Corp.,"986,122 USD"
MBI,"MBIA, Inc.","985,150 USD"
ONEW,"OneWater Marine, Inc.","983,988 USD"
REVG,"REV Group, Inc.","981,015 USD"
NHTC,Natural Health Trends Corp.,"98,673 USD"
MKUL,"Molekule Group, Inc.","98,364 USD"
CELL,"PhenomeX, Inc.","98,116 USD"
PETQ,"PetIQ, Inc.","976,159 USD"
MRIN,"Marin Software, Inc.",974 USD
NFBK,"Northfield Bancorp, Inc.","972,773 USD"
FOR,"Forestar Group, Inc.","972,221 USD"
BHRB,Burke & Herbert Financial Services Corp.,"970,511 USD"
GLTO,"Galecto, Inc.","97,998 USD"
APLT,"Applied Therapeutics, Inc.","97,861 USD"
NXTC,"NextCure, Inc.","97,605 USD"
VIRX,"Viracta Therapeutics, Inc.","97,325 USD"
CATC,Cambridge Bancorp,"969,759 USD"
TPB,"Turning Point Brands, Inc.","968,179 USD"
MOV,"Movado Group, Inc.","962,821 USD"
RAIL,"FreightCar America, Inc.","96,781 USD"
VIRC,Virco Mfg. Corp.,"96,135 USD"
ORC,"Orchid Island Capital, Inc.","959,052 USD"
EGY,"VAALCO Energy, Inc.","955,232 USD"
CCB,Coastal Financial Corp.,"954,616 USD"
CCBG,"Capital City Bank Group, Inc.","951,495 USD"
MBIN,Merchants Bancorp,"950,834 USD"
PASG,"Passage Bio, Inc.","95,787 USD"
CVUA,"CPI Aerostructures, Inc.","95,667 USD"
NTGR,"NETGEAR, Inc.","949,669 USD"
MOND,"Mondee Holdings, Inc.","949,655 USD"
ASPN,"Aspen Aerogels, Inc.","949,380 USD"
OCUL,"Ocular Therapeutix, Inc.","947,139 USD"
IDT,IDT Corp.,"946,420 USD"
ATNI,"ATN International, Inc.","945,598 USD"
TK,Teekay Corp.,"942,137 USD"
PDEX,"Pro-Dex, Inc.","94,698 USD"
HLTH,"Cue Health, Inc.","94,689 USD"
CSPI,"CSP, Inc.","94,434 USD"
NSTS,"NSTS Bancorp, Inc.","94,321 USD"
CGTX,"Cognition Therapeutics, Inc.","94,111 USD"
ARAV,"Aravive, Inc.","94,031 USD"
MXCT,"MaxCyte, Inc.","935,639 USD"
NR,"Newpark Resources, Inc.","932,431 USD"
LNSR,"LENSAR, Inc.","93,470 USD"
EMKR,EMCORE Corp.,"93,124 USD"
VALU,"Value Line, Inc.","93,085 USD"
BLBD,Blue Bird Corp.,"929,975 USD"
HCI,"HCI Group, Inc.","929,295 USD"
SLDP,"Solid Power, Inc.","927,824 USD"
ARTNA,Artesian Resources Corp.,"927,637 USD"
HAFC,Hanmi Financial Corp.,"927,467 USD"
ANGO,"AngioDynamics, Inc.","926,069 USD"
CECO,CECO Environmental Corp.,"926,062 USD"
MLR,"Miller Industries, Inc.","923,568 USD"
SCVL,"Shoe Carnival, Inc.","923,539 USD"
ALDX,"Aldeyra Therapeutics, Inc.","920,819 USD"
USIO,"Usio, Inc.","92,978 USD"
WRAP,"Wrap Technologies, Inc.","92,951 USD"
AAMC,Altisource Asset Management Corp.,"92,433 USD"
MIRO,"Miromatrix Medical, Inc.","92,101 USD"
LXFR,Luxfer Holdings plc,"918,319 USD"
LQDT,"Liquidity Services, Inc.","914,562 USD"
KPLT,"Katapult Holdings, Inc.",911 USD
UVE,"Universal Insurance Holdings, Inc.","910,941 USD"
DYAI,"Dyadic International, Inc.","91,791 USD"
FEIM,"Frequency Electronics, Inc.","91,555 USD"
RSSS,"Research Solutions, Inc.","91,231 USD"
DJCO,Daily Journal Corp.,"906,314 USD"
BVH,Bluegreen Vacations Holding Corp.,"906,152 USD"
PLPC,Preformed Line Products Co.,"905,068 USD"
THFF,First Financial Corp.,"904,322 USD"
NHF,NexPoint Diversified Real Estate Trust,"903,293 USD"
ANAB,"AnaptysBio, Inc.","902,974 USD"
RFIL,RF Industries Ltd.,"90,864 USD"
CASA,"Casa Systems, Inc.","90,681 USD"
CLIR,ClearSign Technologies Corp.,"90,486 USD"
MHH,"Mastech Digital, Inc.","90,036 USD"
ASRV,"AmeriServ Financial, Inc.","90,033 USD"
SWAG,"Stran & Co., Inc.","9,345 USD"
ALEC,"Alector, Inc.","898,303 USD"
LIND,"Lindblad Expeditions Holdings, Inc.","896,229 USD"
WTI,"W&T Offshore, Inc.","896,002 USD"
ONL,"Orion Office REIT, Inc.","890,360 USD"
SBEV,"Splash Beverage Group, Inc.","89,948 USD"
AMPX,"Amprius Technologies, Inc.","89,822 USD"
ANIK,"Anika Therapeutics, Inc.","888,438 USD"
ASLE,AerSale Corp.,"886,645 USD"
FRPH,"FRP Holdings, Inc.","886,463 USD"
FNKO,"Funko, Inc.","886,223 USD"
NPK,"National Presto Industries, Inc.","886,013 USD"
LOVE,Lovesac Co. (The),"883,071 USD"
TERN,"Terns Pharmaceuticals, Inc.","882,858 USD"
OSUR,"OraSure Technologies, Inc.","880,407 USD"
CTO,"CTO Realty Growth, Inc.","880,379 USD"
EMBK,"Embark Technology, Inc.","88,534 USD"
LIVE,"Live Ventures, Inc.","88,185 USD"
CAMP,CalAmp Corp.,"88,027 USD"
CVLG,"Covenant Logistics Group, Inc.","878,003 USD"
LQDA,Liquidia Corp.,"875,715 USD"
EBS,"Emergent BioSolutions, Inc.","875,084 USD"
NEWT,"NewtekOne, Inc.","874,420 USD"
OPI,Office Properties Income Trust,"872,949 USD"
CPF,Central Pacific Financial Corp.,"872,895 USD"
IHRT,"iHeartMedia, Inc.","871,212 USD"
USAU,US Gold Corp.,"87,718 USD"
NLS,"Nautilus, Inc.","87,711 USD"
BSBK,Bogota Financial Corp.,"87,483 USD"
AKLI,"Akili, Inc.","87,460 USD"
KEQU,Kewaunee Scientific Corp.,"87,255 USD"
VNDA,"Vanda Pharmaceuticals, Inc.","868,180 USD"
AXGN,"AxoGen, Inc.","865,871 USD"
BHB,Bar Harbor Bankshares,"865,258 USD"
VITL,"Vital Farms, Inc.","862,585 USD"
CCNE,CNB Financial Corp.,"861,850 USD"
RBCAA,"Republic Bancorp, Inc.","860,582 USD"
LTRN,"Lantern Pharma, Inc.","86,726 USD"
BYFC,Broadway Financial Corp.,"86,448 USD"
FARM,Farmer Bros Co.,"86,078 USD"
HLVX,"HilleVax, Inc.","859,019 USD"
VYGR,"Voyager Therapeutics, Inc.","856,426 USD"
WW,"WW International, Inc.","854,468 USD"
CWCO,Consolidated Water Co. Ltd.,"851,951 USD"
WEAV,"Weave Communications, Inc.","851,859 USD"
FIP,"FTAI Infrastructure, Inc.","851,844 USD"
MCB,Metropolitan Bank Holding Corp.,"851,128 USD"
ONDS,"Ondas Holdings, Inc.","85,696 USD"
NAII,"Natural Alternatives International, Inc.","85,456 USD"
FSEA,First Seacoast Bancorp,"85,400 USD"
ICAD,"iCAD, Inc.","85,324 USD"
CPSH,CPS Technologies Corp.,"85,240 USD"
MCS,Marcus Corp. (The),"843,516 USD"
TRC,Tejon Ranch Co.,"843,204 USD"
TIPT,"Tiptree, Inc.","842,872 USD"
ARAY,"Accuray, Inc.","841,965 USD"
OOMA,"Ooma, Inc.","839,652 USD"
PWP,Perella Weinberg Partners,"836,973 USD"
CVGI,"Commercial Vehicle Group, Inc.","833,444 USD"
GEVO,"Gevo, Inc.","831,122 USD"
AEYE,"AudioEye, Inc.","83,898 USD"
KITT,"Nauticus Robotics, Inc.","83,854 USD"
HNNA,"Hennessy Advisors, Inc.","83,601 USD"
WTT,"Wireless Telecom Group, Inc.","83,538 USD"
TUP,Tupperware Brands Corp.,"83,028 USD"
PNTG,"Pennant Group, Inc. (The)","828,925 USD"
CPSI,"Computer Programs & Systems, Inc.","824,300 USD"
CARE,"Carter Bankshares, Inc.","822,428 USD"
PHAT,"Phathom Pharmaceuticals, Inc.","821,997 USD"
BLUE,"Bluebird Bio, Inc.","821,227 USD"
STCN,"Steel Connect, Inc.","82,702 USD"
YELLQ,Yellow Corp.,"82,502 USD"
NTIP,"Network-1 Technologies, Inc.","82,451 USD"
HRTH,"Harte Hanks, Inc.","82,441 USD"
BOOM,"DMC Global, Inc.","818,132 USD"
IRMD,iRadimed Corp.,"815,733 USD"
FFIC,Flushing Financial Corp.,"812,996 USD"
XERS,"Xeris Biopharma Holdings, Inc.","812,231 USD"
QUOT,"Quotient Technology, Inc.","810,939 USD"
BOTJ,"Bank of the James Financial Group, Inc.","81,896 USD"
VRAR,"Glimpse Group, Inc. (The)","81,787 USD"
BCDA,"BioCardia, Inc.","81,657 USD"
HOFVW,Hall of Fame Resort & Entertainment Co.,"81,614 USD"
MOVE,"Movano, Inc.","81,376 USD"
SIEB,Siebert Financial Corp.,"81,218 USD"
BW,"Babcock & Wilcox Enterprises, Inc.","809,161 USD"
AMPS,"Altus Power, Inc.","805,961 USD"
IRON,"Disc Medicine, Inc.","802,619 USD"
SMBK,"SmartFinancial, Inc.","801,011 USD"
CODX,"Co-Diagnostics, Inc.","80,444 USD"
MBIO,"Mustang Bio, Inc.","80,115 USD"
HYFM,"Hydrofarm Holdings Group, Inc.","80,107 USD"
COHN,"Cohen & Co., Inc.","8,938 USD"
BBGI,"Beasley Broadcast Group, Inc.","8,550 USD"
FORR,"Forrester Research, Inc.","799,713 USD"
EQBK,"Equity Bancshares, Inc.","799,191 USD"
IBCP,Independent Bank Corp.,"798,850 USD"
EU,Encore Energy Corp.,"798,763 USD"
CSTL,"Castle Biosciences, Inc.","794,951 USD"
AURA,"Aura Biosciences, Inc.","790,202 USD"
CURV,"Torrid Holdings, Inc.","79,745 USD"
BOLT,"Bolt Biotherapeutics, Inc.","79,508 USD"
CIX,"CompX International, Inc.","79,483 USD"
CCEL,"Cryo-Cell International, Inc.","79,449 USD"
UBX,"UNITY Biotechnology, Inc.","79,206 USD"
AMSWA,"American Software, Inc.","785,065 USD"
RMAX,"RE/MAX Holdings, Inc.","784,479 USD"
EWTX,"Edgewise Therapeutics, Inc.","781,169 USD"
PBBK,"PB Bankshares, Inc.","78,478 USD"
ARKR,Ark Restaurants Corp.,"78,458 USD"
HFBL,"Home Federal Bancorp, Inc. of Louisiana","78,362 USD"
VMD,"Viemed Healthcare, Inc.","778,087 USD"
JOUT,"Johnson Outdoors, Inc.","777,650 USD"
SMBC,"Southern Missouri Bancorp, Inc.","775,037 USD"
ALTG,"Alta Equipment Group, Inc.","773,473 USD"
OMER,Omeros Corp.,"771,566 USD"
OLP,"One Liberty Properties, Inc.","770,636 USD"
CABA,"Cabaletta Bio, Inc.","770,495 USD"
MRSN,"Mersana Therapeutics, Inc.","770,136 USD"
PRTG,"Portage Biotech, Inc.","77,699 USD"
SDOT,"Muscle Maker, Inc.","77,667 USD"
QUBT,"Quantum Computing, Inc.","77,587 USD"
WFCF,"Where Food Comes From, Inc.","77,519 USD"
ORGSD,"Orgenesis, Inc.","77,245 USD"
NM,"Navios Maritime Holdings, Inc.","77,155 USD"
FARO,"FARO Technologies, Inc.","769,354 USD"
MCBS,"Metrocity Bankshares, Inc.","768,769 USD"
LYTS,"LSI Industries, Inc.","766,951 USD"
CLSK,"Cleanspark, Inc.","766,095 USD"
CHRS,"Coherus Biosciences, Inc.","766,025 USD"
ALRS,Alerus Financial Corp.,"765,534 USD"
ITOS,"iTeos Therapeutics, Inc.","765,338 USD"
HTBI,"HomeTrust Bancshares, Inc.","762,673 USD"
NRDS,"NerdWallet, Inc.","760,206 USD"
ICCC,ImmuCell Corp.,"76,214 USD"
ALPN,"Alpine Immune Sciences, Inc.","759,928 USD"
MGNX,"MacroGenics, Inc.","759,432 USD"
SFIX,"Stitch Fix, Inc.","758,546 USD"
NBN,Northeast Bank,"757,894 USD"
GCI,"Gannett Co., Inc.","756,916 USD"
AVNW,"Aviat Networks, Inc.","756,331 USD"
TRDA,"Entrada Therapeutics, Inc.","754,759 USD"
TWOU,"2U, Inc.","752,119 USD"
CZFS,"Citizens Financial Services, Inc.","751,924 USD"
FKWL,Franklin Wireless Corp.,"75,984 USD"
ARL,"American Realty Investors, Inc.","75,925 USD"
DIT,AMCON Distributing Co.,"75,922 USD"
VHI,"Valhi, Inc.","75,918 USD"
 ,Etao International Co. Ltd.,"75,669 USD"
 ,,"75,597 USD"
BFLY,"Butterfly Network, Inc.","748,822 USD"
BAND,"Bandwidth, Inc.","748,693 USD"
UTMD,"Utah Medical Products, Inc.","747,184 USD"
BWMN,Bowman Consulting Group Ltd.,"746,917 USD"
INSE,"Inspired Entertainment, Inc.","746,474 USD"
HIFS,Hingham Institution for Savings (The),"745,704 USD"
REPX,"Riley Exploration Permian, Inc.","744,976 USD"
 ,Scilex Holding Co.,"742,228 USD"
DPSI,"DecisionPoint Systems, Inc.","74,910 USD"
CKPT,"Checkpoint Therapeutics, Inc.","74,693 USD"
FTEK,"Fuel Tech, Inc.","74,511 USD"
BDSX,"Biodesix, Inc.","74,312 USD"
ESQ,"Esquire Financial Holdings, Inc.","739,799 USD"
MPB,"Mid Penn Bancorp, Inc.","737,936 USD"
LEU,Centrus Energy Corp.,"736,996 USD"
SOHO,"Sotherly Hotels, Inc.","73,243 USD"
PET,Wag! Group Co.,"73,011 USD"
GAIA,"Gaia, Inc.","72,691 USD"
ICD,"Independence Contract Drilling, Inc.","72,307 USD"
TCBS,"Texas Community Bancshares, Inc.","72,269 USD"
ARIS,"Aris Water Solutions, Inc.","719,479 USD"
MOFG,"MidWestOne Financial Group, Inc.","719,058 USD"
PFIS,Peoples Financial Services Corp.,"718,506 USD"
SES,SES AI Corp.,"717,704 USD"
FMAO,"Farmers & Merchants Bancorp, Inc.","714,130 USD"
TXMD,"TherapeuticsMD, Inc.","71,729 USD"
GTIM,"Good Times Restaurants, Inc.","71,407 USD"
DAVE,"Dave, Inc.","71,358 USD"
CCLD,"CareCloud, Inc.","71,166 USD"
CRBP,"Corbus Pharmaceuticals Holdings, Inc.","71,101 USD"
SNDA,"Sonida Senior Living, Inc.","71,033 USD"
TPC,Tutor Perini Corp.,"707,786 USD"
ORIC,"ORIC Pharmaceuticals, Inc.","706,602 USD"
GCO,"Genesco, Inc.","705,176 USD"
VUZI,Vuzix Corp.,"703,504 USD"
NWPX,Northwest Pipe Co.,"701,870 USD"
AMNB,"American National Bankshares, Inc.","701,432 USD"
EOLS,"Evolus, Inc.","701,097 USD"
WTBA,"West BanCorp, Inc.","700,777 USD"
BV,"BrightView Holdings, Inc.","700,395 USD"
ESOA,Energy Services of America Corp.,"70,870 USD"
SANW,S&W Seed Co.,"70,665 USD"
MPU,Mega Matrix Corp.,"70,560 USD"
EIGR,"Eiger BioPharmaceuticals, Inc.","70,476 USD"
SGMA,"SigmaTron International, Inc.","7,902 USD"
OCX,Oncocyte Corp.,"7,156 USD"
AVTX,"Avalo Therapeutics, Inc.","7,011 USD"
ASRT,"Assertio Holdings, Inc.","698,291 USD"
NETI,"Eneti, Inc.","698,287 USD"
NVTA,Invitae Corp.,"691,741 USD"
SLND,"Southland Holdings, Inc.","69,596 USD"
RBKB,"Rhinebeck Bancorp, Inc.","69,210 USD"
 ,"Bit Digital, Inc.","686,363 USD"
CZNC,Citizens & Northern Corp.,"686,250 USD"
SCPH,"scPharmaceuticals, Inc.","685,838 USD"
STOK,"Stoke Therapeutics, Inc.","683,860 USD"
LUNA,"Luna Innovations, Inc.","683,270 USD"
AROW,Arrow Financial Corp.,"682,102 USD"
CURO,Curo Group Holdings Corp.,"68,757 USD"
KIRK,"Kirkland's, Inc.","68,249 USD"
TCRX,"TScan Therapeutics, Inc.","68,035 USD"
SMMT,"Summit Therapeutics, Inc.","677,705 USD"
LPSN,"LivePerson, Inc.","677,489 USD"
ZIMV,"Zimvie, Inc.","677,326 USD"
ODC,Oil-Dri Corp. of America,"676,497 USD"
AMAL,Amalgamated Financial Corp.,"675,748 USD"
CMPX,"Compass Therapeutics, Inc.","675,473 USD"
ALLK,"Allakos, Inc.","675,408 USD"
DSKE,"Daseke, Inc.","673,072 USD"
OBIO,"Orchestra BioMed Holdings, Inc.","67,543 USD"
ESP,Espey Mfg. & Electronics Corp.,"67,231 USD"
UG,"United-Guardian, Inc.","67,001 USD"
FSBC,Five Star Bancorp,"669,064 USD"
ABUS,Arbutus Biopharma Corp.,"668,486 USD"
AVIR,"Atea Pharmaceuticals, Inc.","668,147 USD"
INOD,"Innodata, Inc.","667,303 USD"
DXLG,"Destination XL Group, Inc.","666,625 USD"
BBW,"Build-A-Bear Workshop, Inc.","664,470 USD"
PETS,"PetMed Express, Inc.","664,319 USD"
CNSL,"Consolidated Communications Holdings, Inc.","661,989 USD"
RFL,"Rafael Holdings, Inc.","66,962 USD"
GEG,"Great Elm Group, Inc.","66,812 USD"
COSM,"Cosmos Health, Inc.","66,677 USD"
KALA,"Kala Pharmaceuticals, Inc.","66,516 USD"
IRIX,IRIDEX Corp.,"66,196 USD"
INTT,inTEST Corp.,"659,782 USD"
BMRC,Bank of Marin Bancorp,"654,196 USD"
PAHC,Phibro Animal Health Corp.,"653,997 USD"
GNE,Genie Energy Ltd.,"652,349 USD"
STRO,"Sutro Biopharma, Inc.","651,865 USD"
EBTC,"Enterprise Bancorp, Inc.","651,150 USD"
BCEL,"Atreca, Inc.","65,913 USD"
XGN,"Exagen, Inc.","65,839 USD"
ALGS,"Aligos Therapeutics, Inc.","65,707 USD"
LUXH,"LuxUrban Hotels, Inc.","65,366 USD"
BYSI,"Beyondspring, Inc.","65,322 USD"
VWE,"Vintage Wine Estates, Inc.","65,319 USD"
PSTL,"Postal Realty Trust, Inc.","649,726 USD"
ACNB,ACNB Corp.,"647,180 USD"
PLCE,"Children's Place, Inc. (The)","646,027 USD"
TSP,"TuSimple Holdings, Inc.","645,192 USD"
BLNK,Blink Charging Co.,"645,129 USD"
SMHI,"SEACOR Marine Holdings, Inc.","642,629 USD"
TCX,"Tucows, Inc.","642,209 USD"
TTCFQ,"Tattooed Chef, Inc.","64,988 USD"
GAME,"GameSquare Holdings, Inc.","64,512 USD"
VGAS,"Verde Clean Fuels, Inc.","64,442 USD"
PLM,PolyMet Mining Corp.,"64,338 USD"
SPFI,"South Plains Financial, Inc.","639,126 USD"
ICVX,"Icosavax, Inc.","638,002 USD"
GLRE,Greenlight Capital Re Ltd.,"637,178 USD"
RYAM,"Rayonier Advanced Materials, Inc.","636,783 USD"
LMNR,Limoneira Co.,"636,404 USD"
PKE,Park Aerospace Corp.,"635,973 USD"
ICPT,"Intercept Pharmaceuticals, Inc.","633,683 USD"
GPMT,"Granite Point Mortgage Trust, Inc.","632,746 USD"
CIVB,"Civista Bancshares, Inc.","631,359 USD"
WSBF,"Waterstone Financial, Inc.","630,663 USD"
RMCF,"Rocky Mountain Chocolate Factory, Inc.","63,551 USD"
RVLP,RVL Pharmaceuticals plc,"63,276 USD"
AIRT,"Air T, Inc.","63,177 USD"
SLQT,"Selectquote, Inc.","629,458 USD"
INGN,"Inogen, Inc.","629,279 USD"
SOI,"Solaris Oilfield Infrastructure, Inc.","629,115 USD"
OTLK,"Outlook Therapeutics, Inc.","629,095 USD"
TNYA,"Tenaya Therapeutics, Inc.","626,622 USD"
ONTF,"ON24, Inc.","623,527 USD"
NRGV,"Energy Vault Holdings, Inc.","623,224 USD"
FRGE,"Forge Global Holdings, Inc.","622,287 USD"
ZUMZ,"Zumiez, Inc.","621,718 USD"
MAX,"MediaAlpha, Inc.","620,064 USD"
ICCH,"ICC Holdings, Inc.","62,716 USD"
ISPR,"Ispire Technology, Inc.","62,335 USD"
PTRAQ,"Proterra, Inc.","619,972 USD"
SKWD,"Skyward Specialty Insurance Group, Inc.","618,795 USD"
NUVB,"Nuvation Bio, Inc.","617,783 USD"
UIS,Unisys Corp.,"617,206 USD"
EVC,Entravision Communications Corp.,"616,571 USD"
KODK,Eastman Kodak Co.,"614,400 USD"
BHR,"Braemar Hotels & Resorts, Inc.","613,754 USD"
BKSY,"BlackSky Technology, Inc.","613,066 USD"
IPDN,"Professional Diversity Network, Inc.","61,975 USD"
WVVI,"Willamette Valley Vineyards, Inc.","61,947 USD"
LWAY,"Lifeway Foods, Inc.","61,613 USD"
APCX,AppTech Payments Corp.,"61,527 USD"
INAB,"IN8bio, Inc.","61,289 USD"
VBFC,Village Bank and Trust Financial Corp.,"61,204 USD"
BDL,"Flanigan's Enterprises, Inc.","61,116 USD"
FLIC,First of Long Island Corp. (The),"607,515 USD"
EPM,Evolution Petroleum Corp.,"606,364 USD"
FWRG,"First Watch Restaurant Group, Inc.","603,279 USD"
MVLA,"Movella Holdings, Inc.","60,592 USD"
DAIO,Data I/O Corp.,"60,523 USD"
KINS,"Kingstone Cos., Inc.","6,938 USD"
VINC,"Vincerx Pharma, Inc.","6,704 USD"
NYC,American Strategic Investment Co.,"6,130 USD"
ABVC,"ABVC BioPharma, Inc.","6,057 USD"
VERO,"Venus Concept, Inc.",599 USD
CGEM,"Cullinan Oncology, Inc.","598,902 USD"
VCNX,"Vaccinex, Inc.",597 USD
LOCO,"El Pollo Loco Holdings, Inc.","593,405 USD"
NEXT,NextDecade Corp.,"588,772 USD"
CUTR,"Cutera, Inc.","588,194 USD"
HBT,"HBT Financial, Inc.","588,107 USD"
LFCR,"Lifecore Biomedical, Inc.","588,013 USD"
BLFY,Blue Foundry Bancorp,"587,654 USD"
BIG,"Big Lots, Inc.","587,045 USD"
REFI,"Chicago Atlantic Real Estate Finance, Inc.","585,654 USD"
FET,"Forum Energy Technologies, Inc.","585,269 USD"
CMTL,Comtech Telecommunications Corp.,"583,552 USD"
SEER,"Seer, Inc.","583,478 USD"
JMSB,"John Marshall Bancorp, Inc.","582,610 USD"
YMAB,"Y-mAbs Therapeutics, Inc.","582,473 USD"
GBIO,Generation Bio Co.,"581,300 USD"
CADL,"Candel Therapeutics, Inc.","58,548 USD"
EAR,"Eargo, Inc.","58,258 USD"
RLGT,"Radiant Logistics, Inc.","577,443 USD"
NRDY,"Nerdy, Inc.","577,266 USD"
MCBC,Macatawa Bank Corp.,"576,279 USD"
HYLN,Hyliion Holdings Corp.,"576,173 USD"
PANL,Pangaea Logistics Solutions Ltd.,"574,089 USD"
RBBN,"Ribbon Communications, Inc.","572,723 USD"
SPI,SPI Energy Co. Ltd.,"57,518 USD"
ELEV,"Elevation Oncology, Inc.","57,470 USD"
HBCP,"Home Bancorp, Inc.","567,061 USD"
CSTR,"Capstar Financial Holdings, Inc.","566,862 USD"
OLMA,"Olema Pharmaceuticals, Inc.","565,892 USD"
OSG,"Overseas Shipholding Group, Inc.","565,106 USD"
FNLC,"First Bancorp, Inc. (The)","564,956 USD"
CRBU,"Caribou Biosciences, Inc.","564,005 USD"
IPI,"Intrepid Potash, Inc.","563,983 USD"
PMVP,"PMV Pharmaceuticals, Inc.","563,469 USD"
MVBF,MVB Financial Corp.,"561,445 USD"
RM,Regional Management Corp.,"560,132 USD"
USGO,"US Goldmining, Inc.","56,600 USD"
BMTX,"BM Technologies, Inc.","56,462 USD"
FISI,"Financial Institutions, Inc.","556,991 USD"
XFOR,"X4 Pharmaceuticals, Inc.","556,596 USD"
TYRA,"Tyra Biosciences, Inc.","555,297 USD"
OPRX,OptimizeRx Corp.,"555,267 USD"
MLYS,"Mineralys Therapeutics, Inc.","554,398 USD"
SPOK,"Spok Holdings, Inc.","552,970 USD"
RRBI,"Red River Bancshares, Inc.","552,923 USD"
TREE,"LendingTree, Inc.","551,379 USD"
DSGR,"Distribution Solutions Group, Inc.","551,211 USD"
BRT,BRT Apartments Corp.,"550,123 USD"
SYPR,"Sypris Solutions, Inc.","55,898 USD"
OCC,Optical Cable Corp.,"55,659 USD"
SMMF,"Summit Financial Group, Inc.","547,304 USD"
RMNI,"Rimini Street, Inc.","545,428 USD"
FBIZ,"First Business Financial Services, Inc.","545,034 USD"
CARM,"Carisma Therapeutics, Inc.","544,740 USD"
CMAX,"CareMax, Inc.","544,250 USD"
WLDN,"Willdan Group, Inc.","543,857 USD"
SIGA,"SIGA Technologies, Inc.","543,284 USD"
LEGH,Legacy Housing Corp.,"542,623 USD"
IBEX,IBEX Holdings Ltd.,"542,575 USD"
FF,FutureFuel Corp.,"541,735 USD"
RPID,"Rapid Micro Biosystems, Inc.","54,693 USD"
SONM,"Sonim Technologies, Inc.","54,646 USD"
NVNO,enVVeno Medical Corp.,"54,624 USD"
FGH,"FG Group Holdings, Inc.","54,444 USD"
MPTI,"M-Tron Industries, Inc.","54,046 USD"
GNTY,"Guaranty Bancshares, Inc.","539,894 USD"
BLDE,"Blade Air Mobility, Inc.","538,334 USD"
SB,"Safe Bulkers, Inc.","536,638 USD"
UTI,"Universal Technical Institute, Inc.","534,412 USD"
PBPB,Potbelly Corp.,"534,105 USD"
RDVT,"Red Violet, Inc.","533,997 USD"
AMTX,"Aemetis, Inc.","531,813 USD"
LMB,"Limbach Holdings, Inc.","531,547 USD"
FDBC,"Fidelity D&D Bancorp, Inc.","531,089 USD"
MIGI,"Mawson Infrastructure Group, Inc.","53,396 USD"
CLNN,"Clene, Inc.","53,081 USD"
NOTE,"FiscalNote Holdings, Inc.","528,612 USD"
AMRSQ,"Amyris, Inc.","527,374 USD"
KOPN,Kopin Corp.,"527,285 USD"
PRTS,"CarParts.com, Inc.","525,878 USD"
BHIL,"Benson Hill, Inc.","523,784 USD"
KOD,"Kodiak Sciences, Inc.","522,661 USD"
FLL,"Full House Resorts, Inc.","520,818 USD"
DGICA,"Donegal Group, Inc.","520,202 USD"
RGF,"Real Good Food Co., Inc. (The)","52,834 USD"
GMGI,"Golden Matrix Group, Inc.","52,524 USD"
ERAS,"Erasca, Inc.","517,983 USD"
KALV,"KalVista Pharmaceuticals, Inc.","516,987 USD"
NATH,"Nathan's Famous, Inc.","516,715 USD"
RIGL,"Rigel Pharmaceuticals, Inc.","514,691 USD"
AKTS,"Akoustis Technologies, Inc.","512,565 USD"
RRGB,"Red Robin Gourmet Burgers, Inc.","511,862 USD"
NWFL,Norwood Financial Corp.,"511,223 USD"
MGTX,MeiraGTx Holdings plc,"510,384 USD"
SPWH,"Sportsman's Warehouse Holdings, Inc.","510,338 USD"
CPS,"Cooper-Standard Holdings, Inc.","510,180 USD"
VANI,"Vivani Medical, Inc.","51,847 USD"
AGIL,"AgileThought, Inc.","51,816 USD"
NICK,"Nicholas Financial, Inc.","51,775 USD"
BATL,Battalion Oil Corp.,"51,773 USD"
DFLI,Dragonfly Energy Holdings Corp.,"51,548 USD"
JRSH,"Jerash Holdings US, Inc.","51,031 USD"
QIPT,Quipt Home Medical Corp.,"508,987 USD"
CIO,"City Office REIT, Inc.","507,706 USD"
HLLY,"Holley, Inc.","503,917 USD"
ILPT,Industrial Logistics Properties Trust,"502,197 USD"
PCYO,Pure Cycle Corp.,"501,325 USD"
HBIO,"Harvard Bioscience, Inc.","500,952 USD"
WVE,WaVe Life Sciences Ltd.,"500,944 USD"
SRRK,Scholar Rock Holding Corp.,"500,566 USD"
OPFI,"OppFi, Inc.","50,941 USD"
BRID,Bridgford Foods Corp.,"50,437 USD"
FTK,"Flotek Industries, Inc.","5,026 USD"
RXT,"Rackspace Technology, Inc.","499,688 USD"
CDLX,"Cardlytics, Inc.","498,206 USD"
ALTO,"Alto Ingredients, Inc.","497,158 USD"
ATXS,"Astria Therapeutics, Inc.","495,768 USD"
PINE,"Alpine Income Property Trust, Inc.","495,641 USD"
LXRX,"Lexicon Pharmaceuticals, Inc.","494,560 USD"
REI,"Ring Energy, Inc.","493,802 USD"
MBCN,Middlefield Banc Corp.,"491,137 USD"
SHBI,"Shore Bancshares, Inc.","490,086 USD"
CXAI,"CXApp, Inc.","49,631 USD"
OMQS,OMNIQ Corp.,"49,486 USD"
GLUE,"Monte Rosa Therapeutics, Inc.","487,309 USD"
DNMR,"Danimer Scientific, Inc.","486,843 USD"
GCBC,"Greene County Bancorp, Inc.","486,843 USD"
AGS,"PlayAGS, Inc.","485,764 USD"
IMMR,Immersion Corp.,"485,681 USD"
ASUR,"Asure Software, Inc.","485,427 USD"
AFCG,"AFC Gamma, Inc.","484,317 USD"
BBCP,"Concrete Pumping Holdings, Inc.","483,896 USD"
REAL,"RealReal, Inc. (The)","482,166 USD"
HOFT,Hooker Furnishings Corp.,"481,372 USD"
DSGN,"Design Therapeutics, Inc.","481,288 USD"
RDW,Redwire Corp.,"48,524 USD"
CETY,"Clean Energy Technologies, Inc.","48,391 USD"
TARA,"Protara Therapeutics, Inc.","48,070 USD"
IMRX,Immuneering Corp.,"479,774 USD"
JANX,"Janux Therapeutics, Inc.","478,064 USD"
TCBX,"Third Coast Bancshares, Inc.","477,830 USD"
FTCI,"FTC Solar, Inc.","477,194 USD"
NECB,"Northeast Community Bancorp, Inc.","476,413 USD"
BWB,"Bridgewater Bancshares, Inc.","473,677 USD"
ADV,"Advantage Solutions, Inc.","473,188 USD"
FLWS,"1-800-Flowers.com, Inc.","472,976 USD"
URGN,UroGen Pharma Ltd.,"471,970 USD"
KPTI,"Karyopharm Therapeutics, Inc.","471,960 USD"
OB,"Outbrain, Inc.","470,436 USD"
RAIN,"Rain Oncology, Inc.","47,850 USD"
CURI,"CuriosityStream, Inc.","47,494 USD"
RBB,RBB Bancorp,"469,863 USD"
EGRX,"Eagle Pharmaceuticals, Inc.","469,418 USD"
NRIM,"Northrim BanCorp, Inc.","469,246 USD"
FSBW,"FS Bancorp, Inc.","468,430 USD"
GRWG,GrowGeneration Corp.,"466,504 USD"
True,"TrueCar, Inc.","464,767 USD"
MCHX,"Climb Global Solutions, Inc.","464,098 USD"
BGFV,Big 5 Sporting Goods Corp.,"463,963 USD"
BCML,BayCom Corp.,"462,303 USD"
TSBK,"Timberland Bancorp, Inc.","462,128 USD"
ORRF,"Orrstown Financial Services, Inc.","461,649 USD"
RELL,Richardson Electronics Ltd.,"461,208 USD"
HNRG,Hallador Energy Co.,"460,723 USD"
AWRE,"Aware, Inc.","46,711 USD"
ACXP,"Acurx Pharmaceuticals, Inc.","46,706 USD"
FSI,"Flexible Solutions International, Inc.","46,559 USD"
CNTY,"Century Casinos, Inc.","459,981 USD"
EHTH,"eHealth, Inc.","459,333 USD"
PLBC,Plumas Bancorp,"458,688 USD"
SSTI,"SoundThinking, Inc.","456,940 USD"
ULH,"Universal Logistics Holdings, Inc.","456,091 USD"
OVID,"Ovid therapeutics, Inc.","456,028 USD"
VLGEA,"Village Super Market, Inc.","455,510 USD"
NAUT,"Nautilus Biotechnology, Inc.","454,992 USD"
ATLC,Atlanticus Holdings Corp.,"453,834 USD"
SAMG,"Silvercrest Asset Management Group, Inc.","453,215 USD"
OCN,Ocwen Financial Corp.,"451,978 USD"
CFSB,"CFSB Bancorp, Inc.","45,590 USD"
MHLD,Maiden Holdings Ltd.,"449,889 USD"
ATNM,"Actinium Pharmaceuticals, Inc.","449,830 USD"
VLD,"Velo3D, Inc.","448,446 USD"
JYNT,Joint Corp. (The),"448,052 USD"
POWW,"AMMO, Inc.","447,969 USD"
CELC,"Celcuity, Inc.","447,710 USD"
SFST,"Southern First Bancshares, Inc.","447,653 USD"
NSTG,"NanoString Technologies, Inc.","446,448 USD"
HT,Hersha Hospitality Trust,"446,354 USD"
METC,"Ramaco Resources, Inc.","444,948 USD"
CMCL,Caledonia Mining Corp. plc,"443,803 USD"
USX,"US Xpress Enterprises, Inc.","442,848 USD"
CVLY,"Codorus Valley Bancorp, Inc.","442,539 USD"
OBT,"Orange County Bancorp, Inc.","442,446 USD"
INVE,"Identiv, Inc.","441,861 USD"
FULC,"Fulcrum Therapeutics, Inc.","441,745 USD"
STHO,Star Holdings,"441,200 USD"
III,"Information Services Group, Inc.","440,179 USD"
FXLV,"F45 Training Holdings, Inc.","44,636 USD"
KFFB,Kentucky First Federal Bancorp,"44,321 USD"
LSBK,"Lake Shore Bancorp, Inc.","44,258 USD"
THRX,"Theseus Pharmaceuticals, Inc.","439,891 USD"
INZY,"Inozyme Pharma, Inc.","438,682 USD"
ZYXI,"Zynex, Inc.","437,812 USD"
SGMO,"Sangamo Therapeutics, Inc.","437,012 USD"
 ,Cambium Networks Corp.,"435,931 USD"
CDXS,"Codexis, Inc.","435,918 USD"
LAW,"CS Disco, Inc.","434,542 USD"
ATOM,"Atomera, Inc.","433,685 USD"
TAST,"Carrols Restaurant Group, Inc.","431,495 USD"
IROQ,"IF Bancorp, Inc.","43,436 USD"
VIA,"Via Renewables, Inc.","43,180 USD"
MAYS,"JW Mays, Inc.","43,177 USD"
PMD,Psychemedics Corp.,"43,046 USD"
CCRD,CoreCard Corp.,"428,483 USD"
ALCO,"Alico, Inc.","427,703 USD"
HEAR,Turtle Beach Corp.,"425,528 USD"
LCTX,"Lineage Cell Therapeutics, Inc.","424,173 USD"
GHL,"Greenhill & Co., Inc.","423,707 USD"
PFMT,Performant Financial Corp.,"423,527 USD"
ITIC,Investors Title Co.,"421,940 USD"
PKBK,"Parke Bancorp, Inc.","421,522 USD"
NATR,"Nature's Sunshine Products, Inc.","420,024 USD"
SSKN,"Strata Skin Sciences, Inc.","42,906 USD"
PNBK,"Patriot National Bancorp, Inc.","42,741 USD"
HMPT,"Home Point Capital, Inc.","42,080 USD"
DOUG,"Douglas Elliman, Inc.","419,580 USD"
BCBP,"BCB Bancorp, Inc.","419,048 USD"
QSI,"Quantum-Si, Inc.","418,438 USD"
SGHT,"Sight Sciences, Inc.","417,080 USD"
PRPL,"Purple Innovation, Inc.","416,324 USD"
PDLB,"Ponce Financial Group, Inc.","415,582 USD"
UNTY,"Unity Bancorp, Inc.","414,453 USD"
CFFI,C&F Financial Corp.,"414,027 USD"
CRMD,"CorMedix, Inc.","412,784 USD"
ZVRA,"Zevra Therapeutics, Inc.","412,508 USD"
CMT,"Core Molding Technologies, Inc.","412,321 USD"
TG,Tredegar Corp.,"410,945 USD"
KLTR,"Kaltura, Inc.","410,027 USD"
XPON,"Expion360, Inc.","41,579 USD"
CXDO,"Crexendo, Inc.","41,504 USD"
CBNK,"Capital Bancorp, Inc.","409,006 USD"
MRAM,"Everspin Technologies, Inc.","408,942 USD"
TDUP,"ThredUp, Inc.","408,563 USD"
GRNT,"Granite Ridge Resources, Inc.","408,454 USD"
HUMA,"Humacyte, Inc.","408,365 USD"
INFU,"InfuSystem Holdings, Inc.","407,648 USD"
AMSC,American Superconductor Corp.,"407,388 USD"
ALT,"Altimmune, Inc.","407,267 USD"
KZR,"Kezar Life Sciences, Inc.","407,202 USD"
HIPO,"Hippo Holdings, Inc.","406,605 USD"
VOXX,VOXX International Corp.,"405,725 USD"
PWOD,"Penns Woods Bancorp, Inc.","404,485 USD"
BCOV,"Brightcove, Inc.","403,735 USD"
KVHI,"KVH Industries, Inc.","403,312 USD"
FRST,Primis Financial Corp.,"402,804 USD"
RLYB,Rallybio Corp.,"402,420 USD"
AVTE,"Aerovate Therapeutics, Inc.","402,373 USD"
FVCB,"FVCBankcorp, Inc.","401,893 USD"
CVRX,"CVRx, Inc.","401,054 USD"
RENB,"Enochian Biosciences, Inc.","40,451 USD"
OPTT,"Ocean Power Technologies, Inc.","4,694 USD"
NYMXF,Nymox Pharmaceutical Corp.,"4,407 USD"
OVLY,Oak Valley Bancorp,"399,614 USD"
GRTS,"Gritstone bio, Inc.","399,237 USD"
SENEA,Seneca Foods Corp.,"398,925 USD"
NKSH,"National Bankshares, Inc.","397,072 USD"
ITI,"Iteris, Inc.","396,376 USD"
OPRT,Oportun Financial Corp.,"393,513 USD"
VRA,"Vera Bradley, Inc.","391,796 USD"
FRBA,First Bank,"391,326 USD"
MVSTW,"Microvast Holdings, Inc.","391,099 USD"
AAOI,"Applied Optoelectronics, Inc.","390,088 USD"
TBIO,"Telesis Bio, Inc.","39,446 USD"
RVP,"Retractable Technologies, Inc.","39,432 USD"
UPXI,"Upexi, Inc.","39,402 USD"
PRST,"Presto Automation, Inc.","39,160 USD"
DHX,"DHI Group, Inc.","388,224 USD"
CLPT,"ClearPoint Neuro, Inc.","387,239 USD"
PTSI,"PAM Transportation Services, Inc.","387,121 USD"
SKYT,"SkyWater Technology, Inc.","386,521 USD"
CDZI,"Cadiz, Inc.","382,968 USD"
GENC,"Gencor Industries, Inc.","381,772 USD"
PCB,PCB Bancorp,"381,460 USD"
ALXO,"ALX Oncology Holdings, Inc.","380,021 USD"
IMMX,"Immix Biopharma, Inc.","38,997 USD"
SNSE,"Sensei Biotherapeutics, Inc.","38,743 USD"
SFE,"Safeguard Scientifics, Inc.","38,658 USD"
ELYM,"Eliem Therapeutics, Inc.","38,396 USD"
MGLD,"Marygold Cos., Inc. (The)","38,378 USD"
LGVN,"Longeveron, Inc.","38,322 USD"
SPRY,"ARS Pharmaceuticals, Inc.","378,664 USD"
TTSH,"Tile Shop Holdings, Inc.","377,340 USD"
COFS,"ChoiceOne Financial Services, Inc.","377,315 USD"
MG,"Mistras Group, Inc.","375,516 USD"
EGAN,eGain Corp.,"375,391 USD"
TELA,"Tela Bio, Inc.","374,141 USD"
ANNX,"Annexon, Inc.","374,025 USD"
STKS,"ONE Group Hospitality, Inc. (The)","373,825 USD"
FENC,"Fennec Pharmaceuticals, Inc.","373,385 USD"
ALTI,"AlTi Global, Inc.","373,172 USD"
RGCO,"RGC Resources, Inc.","372,778 USD"
NN,"NextNav, Inc.","372,771 USD"
ATLO,Ames National Corp.,"372,193 USD"
PKOH,Park-Ohio Holdings Corp.,"371,754 USD"
MNSB,"MainStreet Bancshares, Inc.","370,967 USD"
LINC,Lincoln Educational Services Corp.,"370,707 USD"
SSBK,"Southern States Bancshares, Inc.","370,347 USD"
RNGR,"Ranger Energy Services, Inc.","370,278 USD"
CBAN,"Colony Bankcorp, Inc.","370,112 USD"
POCI,"Precision Optics Corp., Inc.","37,669 USD"
SOBR,"Sobr Safe, Inc.","37,045 USD"
LCNB,LCNB Corp.,"368,587 USD"
ACTG,Acacia Research Corp.,"368,455 USD"
WEYS,"Weyco Group, Inc.","368,215 USD"
TRHC,"Tabula Rasa HealthCare, Inc.","365,508 USD"
TLYS,"Tilly's, Inc.","364,983 USD"
AMGC,Dakota Gold Corp.,"364,842 USD"
BRBS,"Blue Ridge Bankshares, Inc.","364,301 USD"
PGEN,"Precigen, Inc.","362,335 USD"
CVCY,Central Valley Community Bancorp,"362,102 USD"
MTRX,Matrix Service Co.,"361,416 USD"
KOSS,Koss Corp.,"36,967 USD"
OFED,Oconee Federal Financial Corp.,"36,352 USD"
CYN,"CYNGN, Inc.","36,006 USD"
VABK,Virginia National Bankshares Corp.,"359,566 USD"
ATRA,"Atara Biotherapeutics, Inc.","358,838 USD"
APYX,Apyx Medical Corp.,"357,306 USD"
MFIN,Medallion Financial Corp.,"356,852 USD"
SMTI,"Sanara Medtech, Inc.","355,005 USD"
FSTR,L B Foster Co.,"352,645 USD"
MASS,"908 Devices, Inc.","351,198 USD"
MYFW,"First Western Financial, Inc.","351,001 USD"
SKYX,SKYX Platforms Corp.,"350,859 USD"
VIGL,"Vigil Neuroscience, Inc.","350,752 USD"
MNKKQ,Mallinckrodt plc,"35,943 USD"
AMPG,"AmpliTech Group, Inc.","35,442 USD"
TKNO,"Alpha Teknova, Inc.","35,316 USD"
SLNG,"Stabilis Solutions, Inc.","35,225 USD"
EMAN,eMagin Corp.,"349,434 USD"
COOK,"Traeger, Inc.","347,969 USD"
NC,"NACCO Industries, Inc.","347,570 USD"
 ,Himalaya Shipping Ltd.,"347,289 USD"
SACH,Sachem Capital Corp.,"347,224 USD"
GMDA,Gamida Cell Ltd.,"346,041 USD"
TNGX,"Tango Therapeutics, Inc.","345,672 USD"
STRS,"Stratus Properties, Inc.","345,476 USD"
TIO,"Tingo Group, Inc.","343,962 USD"
CTXR,"Citius Pharmaceuticals, Inc.","343,903 USD"
BWFG,"Bankwell Financial Group, Inc.","343,831 USD"
LAB,"Standard BioTools, Inc.","343,104 USD"
MPAA,"Motorcar Parts of America, Inc.","342,921 USD"
CTSOD,CytoSorbents Corp.,"342,084 USD"
RCKY,"Rocky Brands, Inc.","341,649 USD"
GWRS,"Global Water Resources, Inc.","340,788 USD"
WKHS,"Workhorse Group, Inc.","340,267 USD"
WISH,"ContextLogic, Inc.","340,035 USD"
BTTX,"Better Therapeutics, Inc.","34,666 USD"
BIVI,"BioVie, Inc.","34,394 USD"
YMTX,"Kineta, Inc.","34,314 USD"
EVTV,"Envirotech Vehicles, Inc.","34,308 USD"
BARK,"BARK, Inc.","339,127 USD"
LAZY,"Lazydays Holdings, Inc.","339,078 USD"
JAKK,"JAKKS Pacific, Inc.","336,794 USD"
SWIM,"Latham Group, Inc.","334,712 USD"
FHTX,"Foghorn Therapeutics, Inc.","333,985 USD"
MPX,Marine Products Corp.,"333,120 USD"
FSP,Franklin Street Properties Corp.,"332,787 USD"
ALVR,"Allovir, Inc.","332,241 USD"
CTRN,"Citi Trends, Inc.","331,973 USD"
XBIT,"XBiotech, Inc.","331,387 USD"
AXTI,"AXT, Inc.","331,121 USD"
VMAR,"Vision Marine Technologies, Inc.","33,786 USD"
TCFC,Community Financial Corp. (The),"329,198 USD"
SCWO,"374Water, Inc.","328,613 USD"
PDSB,PDS Biotechnology Corp.,"328,016 USD"
BPRN,"Princeton Bancorp, Inc.","327,758 USD"
FRGI,"Fiesta Restaurant Group, Inc.","327,319 USD"
LNZA,"LanzaTech Global, Inc.","327,075 USD"
IKNA,"Ikena Oncology, Inc.","326,681 USD"
HQI,"HireQuest, Inc.","326,182 USD"
PVBC,"Provident Bancorp, Inc.","325,901 USD"
AJX,Great Ajax Corp.,"325,846 USD"
CATO,Cato Corp. (The),"325,376 USD"
ORMP,"Oramed Pharmaceuticals, Inc.","324,813 USD"
TSQ,"Townsquare Media, Inc.","324,405 USD"
MEC,"Mayville Engineering Co., Inc.","322,888 USD"
MDRPD,Perpetua Resources Corp.,"322,329 USD"
EVER,"EverQuote, Inc.","321,659 USD"
XOMA,XOMA Corp.,"321,451 USD"
CHMG,Chemung Financial Corp.,"320,224 USD"
LUCD,"Lucid Diagnostics, Inc.","32,936 USD"
LINK,"Interlink Electronics, Inc.","32,316 USD"
PESI,"Perma-Fix Environmental Services, Inc.","319,672 USD"
OMGA,"Omega Therapeutics, Inc.","317,817 USD"
NDLS,Noodles & Co.,"316,185 USD"
MNMD,"Mind Medicine MindMed, Inc.","314,749 USD"
AKYA,"Akoya Biosciences, Inc.","313,683 USD"
ABOS,"Acumen Pharmaceuticals, Inc.","313,650 USD"
GWH,"ESS Tech, Inc.","312,504 USD"
HURC,"Hurco Cos., Inc.","311,630 USD"
GLT,Glatfelter Corp.,"311,516 USD"
RIF,Seven Hills Realty Trust,"311,401 USD"
GHM,Graham Corp.,"310,393 USD"
ELUT,"Aziyo Biologics, Inc.","31,310 USD"
BCAB,"BioAtla, Inc.","309,705 USD"
EVBN,"Evans Bancorp, Inc.","309,456 USD"
ESCA,"Escalade, Inc.","309,320 USD"
TLS,Telos Corp.,"309,222 USD"
CARA,"Cara Therapeutics, Inc.","308,911 USD"
FREE,"Whole Earth Brands, Inc.","308,145 USD"
AREC,American Resources Corp.,"307,589 USD"
ESSA,"ESSA Bancorp, Inc.","306,251 USD"
SMLR,"Semler Scientific, Inc.","306,221 USD"
CRGE,"Charge Enterprises, Inc.","306,209 USD"
SELB,"Selecta Biosciences, Inc.","302,169 USD"
FEAM,"5E Advanced Materials, Inc.","301,242 USD"
FCCO,First Community Corp.,"300,640 USD"
MACK,"Merrimack Pharmaceuticals, Inc.","300,612 USD"
INTG,InterGroup Corp. (The),"30,613 USD"
VERY,"Vericity, Inc.","30,356 USD"
MOD,Modine Manufacturing Co.,"3,975,674 USD"
STRL,"Sterling Infrastructure, Inc.","3,909,627 USD"
CLVR,"Clever Leaves Holdings, Inc.","3,779 USD"
BTCY,"Biotricity, Inc.","3,734 USD"
EQ,"Equillium, Inc.","3,538 USD"
SYBX,"Synlogic, Inc.","3,475 USD"
 ,BlackRock Funds III,"3,448,485 USD"
DOFSQ,"Diamond Offshore Drilling, Inc.","3,384,862 USD"
SNCR,"Synchronoss Technologies, Inc.","3,293 USD"
 ,"SMART Global Holdings, Inc.","3,280,480 USD"
MTEM,"Molecular Templates, Inc.","3,256 USD"
DGII,"Digi International, Inc.","3,239,709 USD"
UFPT,"UFP Technologies, Inc.","3,209,574 USD"
BRFHD,"Barfresh Food Group, Inc.","3,158 USD"
LMAT,"LeMaitre Vascular, Inc.","3,109,816 USD"
INDI,"indie Semiconductor, Inc.","3,028,313 USD"
MNDO,Mind CTI Ltd.,"3,003 USD"
RMBL,"RumbleON, Inc.","299,891 USD"
MITT,"AG Mortgage Investment Trust, Inc.","299,684 USD"
AHT,"Ashford Hospitality Trust, Inc.","299,448 USD"
GRPN,"Groupon, Inc.","299,241 USD"
GRTX,"Galera Therapeutics, Inc.","298,943 USD"
RBOT,"Vicarious Surgical, Inc.","298,259 USD"
BTAI,"Bioxcel Therapeutics, Inc.","297,955 USD"
LLAP,Terran Orbital Corp.,"297,200 USD"
CHMI,Cherry Hill Mortgage Investment Corp.,"297,117 USD"
SAL,"Salisbury Bancorp, Inc.","296,694 USD"
INBK,First Internet Bancorp,"295,812 USD"
AAIC,Arlington Asset Investment Corp.,"294,519 USD"
BSET,"Bassett Furniture Industries, Inc.","294,228 USD"
CUE,"Cue Biopharma, Inc.","294,011 USD"
NREF,"Nexpoint Real Estate Finance, Inc.","293,981 USD"
CCCC,"C4 Therapeutics, Inc.","293,205 USD"
WMPN,William Penn Bancorp,"290,777 USD"
CSSE,"Chicken Soup For The Soul Entertainment, Inc.","29,246 USD"
LSEA,Landsea Homes Corp.,"289,988 USD"
DTC,"Solo Brands, Inc.","289,803 USD"
ESPR,"Esperion Therapeutics, Inc.","288,335 USD"
PBYI,"Puma Biotechnology, Inc.","288,281 USD"
KLXE,"KLX Energy Services Holdings, Inc.","288,037 USD"
FOSL,"Fossil Group, Inc.","285,797 USD"
NODK,"NI Holdings, Inc.","285,699 USD"
PCYG,"Park City Group, Inc.","285,325 USD"
GTHX,"G1 Therapeutics, Inc.","283,315 USD"
TWIN,"Twin Disc, Inc.","283,302 USD"
VRCA,"Verrica Pharmaceuticals, Inc.","281,328 USD"
HGBL,"Heritage Global, Inc.","281,296 USD"
PRTK,"Paratek Pharmaceuticals, Inc.","280,911 USD"
KRMD,"KORU Medical Systems, Inc.","280,720 USD"
DRRX,Durect Corp.,"280,086 USD"
CIA,"Citizens, Inc.","280,049 USD"
COYA,"Coya Therapeutics, Inc.","28,177 USD"
HRTX,"Heron Therapeutics, Inc.","279,779 USD"
BIRD,"Allbirds, Inc.","279,433 USD"
CIFR,"Cipher Mining, Inc.","278,764 USD"
QUIK,QuickLogic Corp.,"278,641 USD"
RSVR,"Reservoir Media, Inc.","278,588 USD"
PSTX,"Poseida Therapeutics, Inc.","278,409 USD"
CSTE,Caesarstone Ltd.,"277,872 USD"
PIII,"P3 Health Partners, Inc.","277,340 USD"
RCMT,"RCM Technologies, Inc.","276,920 USD"
UEIC,"Universal Electronics, Inc.","276,892 USD"
AIP,"Arteris, Inc.","275,453 USD"
WNEB,"Western New England Bancorp, Inc.","274,077 USD"
USAP,"Universal Stainless & Alloy Products, Inc.","273,461 USD"
FRAF,Franklin Financial Services Corp.,"272,989 USD"
QUAD,"Quad/Graphics, Inc.","272,386 USD"
LTRX,"Lantronix, Inc.","272,358 USD"
LE,"Lands' End, Inc.","271,647 USD"
NGS,"Natural Gas Services Group, Inc.","271,468 USD"
CALB,California Bancorp,"270,810 USD"
VOR,"Vor BioPharma, Inc.","270,400 USD"
PLSE,"Pulse Biosciences, Inc.","270,387 USD"
NOVNQ,"Novan, Inc.","27,878 USD"
DWSN,Dawson Geophysical Co.,"27,695 USD"
LL,"LL Flooring Holdings, Inc.","269,923 USD"
UFI,"Unifi, Inc.","269,812 USD"
ARC,"ARC Document Solutions, Inc.","269,545 USD"
BDTX,"Black Diamond Therapeutics, Inc.","269,458 USD"
SBT,"Sterling Bancorp, Inc.","268,555 USD"
NGVC,"Natural Grocers by Vitamin Cottage, Inc.","268,163 USD"
ISTR,Investar Holding Corp.,"267,546 USD"
CTMX,"CytomX Therapeutics, Inc.","267,285 USD"
PHX,"PHX Minerals, Inc.","266,997 USD"
LBPH,"Longboard Pharmaceuticals, Inc.","266,192 USD"
LIFE,"aTyr Pharma, Inc.","266,062 USD"
HYPR,"Hyperfine, Inc.","264,856 USD"
SGC,"Superior Group of Cos., Inc.","264,397 USD"
AOUT,"American Outdoor Brands, Inc.","263,950 USD"
RMBI,"Richmond Mutual BanCorp, Inc.","263,282 USD"
NGM,"NGM Biopharmaceuticals, Inc.","262,872 USD"
HWBK,"Hawthorn Bancshares, Inc.","262,788 USD"
TUSK,"Mammoth Energy Services, Inc.","262,718 USD"
ACRV,"Acrivon Therapeutics, Inc.","262,557 USD"
PLX,"Protalix BioTherapeutics, Inc.","261,994 USD"
CMPO,"CompoSecure, Inc.","261,613 USD"
MDV,"Modiv, Inc.","261,060 USD"
NXPL,NextPlat Corp.,"26,599 USD"
FAT,"FAT Brands, Inc.","26,502 USD"
VNCE,Vince Holding Corp.,"26,487 USD"
HNST,"Honest Co., Inc. (The)","259,884 USD"
FNGR,"FingerMotion, Inc.","259,203 USD"
CTG,"Computer Task Group, Inc.","258,489 USD"
AADI,"Aadi Bioscience, Inc.","258,299 USD"
WLFC,Willis Lease Finance Corp.,"257,828 USD"
SST,"System1, Inc.","257,661 USD"
QRHC,Quest Resource Holding Corp.,"257,423 USD"
IGMS,"IGM Biosciences, Inc.","257,000 USD"
MLVF,"Malvern Bancorp, Inc.","256,694 USD"
ASYS,"Amtech Systems, Inc.","256,447 USD"
XAIR,"Beyond Air, Inc.","255,630 USD"
NVCT,"Nuvectis Pharma, Inc.","255,089 USD"
FONR,FONAR Corp.,"254,824 USD"
ECBK,"ECB Bancorp, Inc.","254,210 USD"
 ,Gambling.com Group Ltd.,"252,959 USD"
CTV,Innovid Corp.,"252,168 USD"
CPSS,"Consumer Portfolio Services, Inc.","252,049 USD"
USCB,"USCB Financial Holdings, Inc.","251,695 USD"
HMST,"HomeStreet, Inc.","251,564 USD"
UPLD,"Upland Software, Inc.","250,582 USD"
JSPR,"Jasper Therapeutics, Inc.","250,446 USD"
MTEX,"Mannatech, Inc.","25,884 USD"
NCSM,"NCS Multistage Holdings, Inc.","25,520 USD"
LPCN,"Lipocine, Inc.","25,330 USD"
CLRO,"ClearOne, Inc.","25,136 USD"
ZVIA,Zevia PBC,"249,812 USD"
INMB,"Inmune Bio, Inc.","249,400 USD"
MNOV,"MediciNova, Inc.","249,159 USD"
MLP,"Maui Land & Pineapple Co., Inc.","248,531 USD"
VAXX,"Vaxxinity, Inc.","248,336 USD"
OVBC,Ohio Valley Banc Corp.,"247,180 USD"
STTK,"Shattuck Labs, Inc.","247,095 USD"
SNFCA,Security National Financial Corp.,"246,772 USD"
TCS,"Container Store Group, Inc. (The)","246,503 USD"
SMID,Smith-Midland Corp.,"246,478 USD"
CAPR,"Capricor Therapeutics, Inc.","244,918 USD"
LBC,Luther Burbank Corp.,"244,462 USD"
AIRS,"AirSculpt Technologies, Inc.","244,455 USD"
PBFS,"Pioneer Bancorp, Inc.","244,228 USD"
EVI,"EVI Industries, Inc.","243,430 USD"
WHG,"Westwood Holdings Group, Inc.","242,581 USD"
KRT,"Karat Packaging, Inc.","242,196 USD"
VERI,"Veritone, Inc.","241,221 USD"
CMRX,"Chimerix, Inc.","240,918 USD"
PWFL,"Powerfleet, Inc.","240,546 USD"
INKT,"MiNK Therapeutics, Inc.","24,704 USD"
RWLK,ReWalk Robotics Ltd.,"24,214 USD"
DMAC,"DiaMedica Therapeutics, Inc.","239,855 USD"
PRCH,"Porch Group, Inc.","239,456 USD"
NNBR,"NN, Inc.","239,275 USD"
OPBK,OP Bancorp,"238,948 USD"
RVSB,"Riverview Bancorp, Inc.","238,190 USD"
NOTV,"Inotiv, Inc.","237,646 USD"
LAKE,"Lakeland Industries, Inc.","236,644 USD"
FCAP,"First Capital, Inc.","236,445 USD"
FOA,"Finance of America Cos., Inc.","235,889 USD"
GSIT,"GSI Technology, Inc.","235,390 USD"
AEVA,"Aeva Technologies, Inc.","235,062 USD"
VEL,"Velocity Financial, Inc.","233,771 USD"
EPSN,Epsilon Energy Ltd.,"232,434 USD"
TRVI,"Trevi Therapeutics, Inc.","231,665 USD"
SKIL,Skillsoft Corp.,"231,234 USD"
PMTS,"CPI Card Group, Inc.","231,105 USD"
EBMT,"Eagle Bancorp Montana, Inc.","231,049 USD"
USEG,US Energy Corp.,"23,106 USD"
EML,Eastern Co. (The),"228,983 USD"
AOMR,"Angel Oak Mortgage REIT, Inc.","228,116 USD"
TALS,"Talaris Therapeutics, Inc.","227,538 USD"
SCYX,"SCYNEXIS, Inc.","227,498 USD"
EARN,Ellington Residential Mortgage REIT,"227,497 USD"
FNCB,"FNCB Bancorp, Inc.","227,249 USD"
JILL,"J Jill, Inc.","226,558 USD"
ATHA,"Athira Pharma, Inc.","226,345 USD"
ALOT,"AstroNova, Inc.","226,345 USD"
PRPH,"ProPhase Labs, Inc.","224,682 USD"
GEOS,Geospace Technologies Corp.,"224,623 USD"
LARK,"Landmark Bancorp, Inc.","224,366 USD"
BGSF,"BGSF, Inc.","223,726 USD"
UBFO,United Security Bancshares,"223,276 USD"
CDTX,"Cidara Therapeutics, Inc.","222,760 USD"
IVAC,"Intevac, Inc.","222,728 USD"
ANIX,"Anixa Biosciences, Inc.","222,262 USD"
BTTR,"Better Choice Co., Inc.",222 USD
GNSS,"Genasys, Inc.","221,889 USD"
RENT,"Rent the Runway, Inc.","221,823 USD"
ADTH,"AdTheorent Holding Co., Inc.","221,733 USD"
CBFV,"CB Financial Services, Inc.","221,427 USD"
DRIO,DarioHealth Corp.,"220,947 USD"
GOSS,"Gossamer Bio, Inc.","220,343 USD"
LVO,"LiveOne, Inc.","220,276 USD"
DERM,Journey Medical Corp.,"22,767 USD"
CTM,"Castellum, Inc.","22,584 USD"
NB,NioCorp Developments Ltd.,"22,519 USD"
BSVN,Bank7 Corp.,"219,274 USD"
EP,Empire Petroleum Corp.,"218,900 USD"
CTGO,"Contango ORE, Inc.","218,771 USD"
DIBS,"1stdibs.com, Inc.","218,259 USD"
PXLW,"Pixelworks, Inc.","218,151 USD"
BTMD,Biote Corp.,"218,064 USD"
BEEM,Beam Global,"217,660 USD"
BFIN,BankFinancial Corp.,"217,433 USD"
TBNK,"Territorial Bancorp, Inc.","217,417 USD"
LFMD,"LifeMD, Inc.","216,995 USD"
GLYC,"GlycoMimetics, Inc.","216,987 USD"
THRD,"Third Harmonic Bio, Inc.","216,777 USD"
BVS,"Bioventus, Inc.","215,025 USD"
FLXS,"Flexsteel Industries, Inc.","214,228 USD"
ANVS,"Annovis Bio, Inc.","213,364 USD"
NINE,"Nine Energy Service, Inc.","213,231 USD"
TGAN,"Transphorm, Inc.","212,935 USD"
AQMS,"Aqua Metals, Inc.","212,554 USD"
ABSI,Absci Corp.,"212,434 USD"
PEPG,"PepGen, Inc.","211,172 USD"
GNLX,Genelux Corp.,"211,142 USD"
MESA,"Mesa Air Group, Inc.","210,783 USD"
OPTN,"Optinose, Inc.","210,331 USD"
FUNC,First United Corp.,"210,292 USD"
FRD,"Friedman Industries, Inc.","210,143 USD"
CWBC,Community West Bancshares,"210,087 USD"
AAME,Atlantic American Corp.,"21,919 USD"
GLBZ,Glen Burnie Bancorp,"21,835 USD"
SVT,"Servotronics, Inc.","21,230 USD"
JOAN,"JOANN, Inc.","21,219 USD"
KNTE,"Kinnate Biopharma, Inc.","209,915 USD"
UNB,"Union Bankshares, Inc.","209,740 USD"
BGRY,"Berkshire Grey, Inc.","208,560 USD"
FNWB,First Northwest Bancorp,"208,288 USD"
WULF,"Terawulf, Inc.","207,462 USD"
CZWI,"Citizens Community Bancorp, Inc.","207,347 USD"
AE,"Adams Resources & Energy, Inc.","207,209 USD"
HRTG,"Heritage Insurance Holdings, Inc.","207,007 USD"
FINW,Finwise Bancorp,"206,826 USD"
FXNC,First National Corp.,"206,579 USD"
HNVR,"Hanover Bancorp, Inc.","206,177 USD"
OCUP,"Ocuphire Pharma, Inc.","205,811 USD"
NEOV,"NeoVolta, Inc.","204,547 USD"
BLZE,"Backblaze, Inc.","203,887 USD"
ACIC,United Insurance Holdings Corp.,"203,858 USD"
KFS,"Kingsway Financial Services, Inc.","203,228 USD"
STXS,"Stereotaxis, Inc.","203,111 USD"
DZSI,"DZS, Inc.","202,724 USD"
PEBK,"Peoples Bancorp of North Carolina, Inc.","202,207 USD"
CVM,CEL-SCI Corp.,"201,944 USD"
LPTV,"Loop Media, Inc.","201,783 USD"
BYRN,"Byrna Technologies, Inc.","201,202 USD"
PCTI,"PCTEL, Inc.","200,565 USD"
BKKT,"Bakkt Holdings, Inc.","200,093 USD"
CHCI,"Comstock Holding Cos., Inc.","20,632 USD"
 ,"SRAX, Inc.","2,993 USD"
IDYA,"Ideaya Biosciences, Inc.","2,983,020 USD"
UEC,Uranium Energy Corp.,"2,923,153 USD"
IPW,"iPower, Inc.","2,854 USD"
WNC,Wabash National Corp.,"2,848,425 USD"
YEXT,"Yext, Inc.","2,833,540 USD"
FBRT,"Franklin BSP Realty Trust, Inc.","2,752,987 USD"
MEG,"Montrose Environmental Group, Inc.","2,750,268 USD"
ETNB,"89bio, Inc.","2,739,696 USD"
CMCO,Columbus McKinnon Corp.,"2,678,550 USD"
ERNA,"Eterna Therapeutics, Inc.","2,653 USD"
STEL,"Stellar Bancorp, Inc.","2,604,836 USD"
SNPX,"Synaptogenix, Inc.","2,594 USD"
ZYNE,"Zynerba Pharmaceuticals, Inc.","2,567 USD"
NTST,NETSTREIT Corp.,"2,560,789 USD"
NSSC,"Napco Security Technologies, Inc.","2,560,358 USD"
NVTS,Navitas Semiconductor Corp.,"2,517,036 USD"
CBAY,"Cymabay Therapeutics, Inc.","2,515,259 USD"
ICHR,Ichor Holdings Ltd.,"2,500,050 USD"
AEHR,Aehr Test Systems,"2,498,430 USD"
PW,Power REIT,"2,496 USD"
HLX,"Helix Energy Solutions Group, Inc.","2,488,285 USD"
AQB,"AquaBounty Technologies, Inc.","2,482 USD"
ARR,"ARMOUR Residential REIT, Inc.","2,449,007 USD"
MNKD,MannKind Corp.,"2,444,670 USD"
PLL,"Piedmont Lithium, Inc.","2,423,820 USD"
ATEN,"A10 Networks, Inc.","2,410,633 USD"
CIR,"CIRCOR International, Inc.","2,404,601 USD"
OXBR,Oxbridge Re Holdings Ltd.,"2,377 USD"
SOPA,"Society Pass, Inc.","2,368 USD"
VRDN,"Viridian Therapeutics, Inc.","2,349,120 USD"
PLYM,"Plymouth Industrial REIT, Inc.","2,312,290 USD"
UUUU,"Energy Fuels, Inc.","2,294,766 USD"
BFI,"BurgerFi International, Inc.","2,291 USD"
CCRN,"Cross Country Healthcare, Inc.","2,264,090 USD"
WAVD,"WaveDancer, Inc.","2,254 USD"
CRNX,"Crinetics Pharmaceuticals, Inc.","2,248,157 USD"
VERV,"Verve Therapeutics, Inc.","2,226,450 USD"
WINA,Winmark Corp.,"2,223,227 USD"
NWLI,"National Western Life Group, Inc.","2,214,519 USD"
ARLO,"Arlo Technologies, Inc.","2,208,511 USD"
REPL,"Replimune Group, Inc.","2,206,457 USD"
TMST,TimkenSteel Corp.,"2,197,163 USD"
SIBN,"SI-BONE, Inc.","2,188,591 USD"
ASIX,"AdvanSix, Inc.","2,166,731 USD"
HWKN,"Hawkins, Inc.","2,154,110 USD"
AYRO,"AYRO, Inc.","2,133 USD"
BMRA,"Biomerica, Inc.","2,118 USD"
PEBO,"Peoples Bancorp, Inc.","2,113,221 USD"
EFC,"Ellington Financial, Inc.","2,107,729 USD"
INBX,"Inhibrx, Inc.","2,087,366 USD"
THR,"Thermon Group Holdings, Inc.","2,083,525 USD"
ACCD,"Accolade, Inc.","2,083,122 USD"
AVPT,"AvePoint, Inc.","2,068,819 USD"
NX,Quanex Building Products Corp.,"2,068,739 USD"
BLBX,"Blackboxstocks, Inc.","2,064 USD"
AVTA,"Avantax, Inc.","2,059,385 USD"
OSW,OneSpaWorld Holdings Ltd.,"2,059,311 USD"
UMH,"UMH Properties, Inc.","2,059,199 USD"
NIC,"Nicolet Bankshares, Inc.","2,043,412 USD"
CDMO,"Avid Bioservices, Inc.","2,031,014 USD"
OBK,"Origin Bancorp, Inc.","2,002,655 USD"
BOXL,Boxlight Corp.,2 USD
NBSE,"NeuBase Therapeutics, Inc.",2 USD
FNWD,Finward Bancorp,"199,910 USD"
PLBY,"PLBY Group, Inc.","198,788 USD"
DLTH,"Duluth Holdings, Inc.","198,027 USD"
AVAH,"Aveanna Healthcare Holdings, Inc.","196,794 USD"
MDWT,"Midwest Holding, Inc.","195,930 USD"
SGA,"Saga Communications, Inc.","195,316 USD"
NEON,"Neonode, Inc.","194,962 USD"
ELMD,"Electromed, Inc.","194,108 USD"
RAD,Rite Aid Corp.,"193,916 USD"
CDXC,ChromaDex Corp.,"193,732 USD"
NTIC,Northern Technologies International Corp.,"192,951 USD"
HBB,Hamilton Beach Brands Holding Co.,"192,360 USD"
IOR,"Income Opportunity Realty Investors, Inc.","19,229 USD"
SBFG,"SB Financial Group, Inc.","189,989 USD"
SSBI,Summit State Bank,"187,848 USD"
VATE,INNOVATE Corp.,"187,525 USD"
FFNW,"First Financial Northwest, Inc.","186,957 USD"
PAYS,"Paysign, Inc.","186,450 USD"
APEI,"American Public Education, Inc.","185,979 USD"
LRMR,"Larimar Therapeutics, Inc.","185,900 USD"
VTSI,"VirTra, Inc.","185,577 USD"
TACT,"TransAct Technologies, Inc.","185,006 USD"
ISSC,"Innovative Solutions and Support, Inc.","184,728 USD"
SFBC,"Sound Financial Bancorp, Inc.","183,795 USD"
ORN,"Orion Group Holdings, Inc.","183,572 USD"
SUP,"Superior Industries International, Inc.","183,467 USD"
VERU,"Veru, Inc.","183,260 USD"
ML,"Moneylion, Inc.","182,708 USD"
QMCO,Quantum Corp.,"182,650 USD"
PYXS,"Pyxis Oncology, Inc.","182,646 USD"
PFSW,"PFSweb, Inc.","182,427 USD"
ENZ,"Enzo Biochem, Inc.","181,768 USD"
RVPH,"Reviva Pharmaceuticals Holdings, Inc.","181,742 USD"
DMTK,"DermTech, Inc.","181,342 USD"
IMNM,"Immunome, Inc.","180,087 USD"
MLSS,"Milestone Scientific, Inc.","18,489 USD"
MNTX,"Manitex International, Inc.","179,903 USD"
GOCO,"GoHealth, Inc.","179,854 USD"
KRON,"Kronos Bio, Inc.","178,890 USD"
TAYD,"Taylor Devices, Inc.","178,204 USD"
SERA,"Sera Prognostics, Inc.","177,551 USD"
DARE,"Dare Bioscience, Inc.","177,220 USD"
LYRA,"Lyra Therapeutics, Inc.","176,385 USD"
PNRG,PrimeEnergy Resources Corp.,"175,685 USD"
PROV,"Provident Financial Holdings, Inc.","173,696 USD"
FSFG,"First Savings Financial Group, Inc.","173,356 USD"
IPSC,"Century Therapeutics, Inc.","172,100 USD"
UONEK,"Urban One, Inc.","171,906 USD"
LEE,"Lee Enterprises, Inc.","171,298 USD"
CMLS,"Cumulus Media, Inc.","171,142 USD"
PATI,"Patriot Transportation Holding, Inc.","17,798 USD"
AINC,"Ashford, Inc.","17,642 USD"
MAIA,"MAIA Biotechnology, Inc.","17,167 USD"
LTRPA,"Liberty TripAdvisor Holdings, Inc.","17,009 USD"
PSNL,"Personalis, Inc.","169,734 USD"
GRPH,"Graphite Bio, Inc.","169,663 USD"
CPHC,Canterbury Park Holding Corp.,"169,292 USD"
PPIH,"Perma-Pipe International Holdings, Inc.","168,555 USD"
BWEN,"Broadwind, Inc.","168,309 USD"
ROOT,"Root, Inc.","167,098 USD"
ETON,"Eton Pharmaceuticals, Inc.","165,981 USD"
CLPR,"Clipper Realty, Inc.","165,564 USD"
BCLI,"BrainStorm Cell Therapeutics, Inc.","165,055 USD"
IPWR,"Ideal Power, Inc.","164,645 USD"
FGBI,"First Guaranty Bancshares, Inc.","164,644 USD"
AUGX,"Augmedix, Inc.","163,526 USD"
LCUT,"Lifetime Brands, Inc.","162,895 USD"
ABEO,"Abeona Therapeutics, Inc.","162,893 USD"
STRT,Strattec Security Corp.,"162,872 USD"
PRDS,"Pardes Biosciences, Inc.","162,811 USD"
DLHC,DLH Holdings Corp.,"161,755 USD"
ACR,ACRES Commercial Realty Corp.,"161,728 USD"
HMNF,"HMN Financial, Inc.","161,651 USD"
BSGM,"BioSig Technologies, Inc.","160,479 USD"
DRCT,"Direct Digital Holdings, Inc.","16,898 USD"
WYY,WidePoint Corp.,"16,859 USD"
ZIVO,"Zivo Bioscience, Inc.","16,231 USD"
IMPL,"Impel Pharmaceuticals, Inc.","16,180 USD"
DXYN,"Dixie Group, Inc. (The)","16,076 USD"
RMTI,"Rockwell Medical, Inc.","159,579 USD"
LTBR,Lightbridge Corp.,"158,962 USD"
AQST,"Aquestive Therapeutics, Inc.","158,878 USD"
CYT,"Cyteir Therapeutics, Inc.","158,002 USD"
UHG,"United Homes Group, Inc.","156,865 USD"
DLA,"Delta Apparel, Inc.","156,162 USD"
IMUX,"Immunic, Inc.","155,746 USD"
TCI,"Transcontinental Realty Investors, Inc.","155,641 USD"
CFBK,"CF Bankshares, Inc.","155,466 USD"
DSP,"Viant Technology, Inc.","155,435 USD"
CMCT,Creative Media & Community Trust Corp.,"154,231 USD"
GAN,GAN Ltd.,"154,003 USD"
EYEN,"Eyenovia, Inc.","153,609 USD"
NKTX,"Nkarta, Inc.","153,405 USD"
THRN,"Thorne HealthTech, Inc.","152,947 USD"
EEX,"Emerald Holding, Inc.","152,212 USD"
OMEX,"Odyssey Marine Exploration, Inc.","151,153 USD"
RPHM,"Reneo Pharmaceuticals, Inc.","150,847 USD"
VLCN,"Volcon, Inc.","15,786 USD"
TPET,Trio Petroleum Corp.,"15,175 USD"
LGL,"LGL Group, Inc. (The)","15,013 USD"
SCOR,"comScore, Inc.","149,897 USD"
MDWD,MediWound Ltd.,"149,824 USD"
FTHM,"Fathom Holdings, Inc.","149,762 USD"
ACNT,Ascent Industries Co.,"149,267 USD"
RLMD,"Relmada Therapeutics, Inc.","147,666 USD"
PRTH,"Priority Technology Holdings, Inc.","147,627 USD"
BBAI,"BigBear.ai Holdings, Inc.","147,413 USD"
MKTW,"MarketWise, Inc.","147,198 USD"
SURG,"SurgePays, Inc.","147,172 USD"
CLSD,"Clearside Biomedical, Inc.","146,013 USD"
SCX,LS Starrett Co. (The),"145,767 USD"
TESS,"TESSCO Technologies, Inc.","145,384 USD"
PTRS,Partners Bancorp,"145,366 USD"
 ,Zura Bio Ltd.,"144,951 USD"
ANTX,"AN2 Therapeutics, Inc.","144,780 USD"
TCBC,"TC Bancshares, Inc.","144,759 USD"
OPOF,Old Point Financial Corp.,"144,529 USD"
VNRX,VolitionRX Ltd.,"143,772 USD"
PRAX,"Praxis Precision Medicines, Inc.","143,053 USD"
LVOX,"LiveVox Holdings, Inc.","142,733 USD"
SYRS,"Syros Pharmaceuticals, Inc.","142,002 USD"
SPRO,"Spero Therapeutics, Inc.","141,565 USD"
GLSI,"Greenwich Lifesciences, Inc.","141,540 USD"
MAMA,"MamaMancini's Holdings, Inc.","140,684 USD"
BGXX,Bright Green Corp.,"140,448 USD"
SMSI,"Smith Micro Software, Inc.","140,170 USD"
ANEB,"Anebulo Pharmaceuticals, Inc.","14,499 USD"
PPSI,"Pioneer Power Solutions, Inc.","139,642 USD"
MGYR,"Magyar Bancorp, Inc.","138,461 USD"
 ,BlackRock Funds III,"138,317,541 USD"
ASMB,"Assembly Biosciences, Inc.","136,970 USD"
UBCP,"United Bancorp, Inc.","136,737 USD"
CRDF,"Cardiff Oncology, Inc.","136,575 USD"
ACU,Acme United Corp.,"136,023 USD"
BNED,"Barnes & Noble Education, Inc.","135,899 USD"
KTCC,Key Tronic Corp.,"135,513 USD"
CULP,"Culp, Inc.","135,428 USD"
LFT,"Lument Finance Trust, Inc.","134,594 USD"
RCUS,"MyMD Pharmaceuticals, Inc.","134,370 USD"
HSON,"Hudson Global, Inc.","134,323 USD"
HOWL,"Werewolf Therapeutics, Inc.","133,447 USD"
DBTX,"Decibel Therapeutics, Inc.","133,302 USD"
SONX,"Sonendo, Inc.","133,105 USD"
STIM,"Neuronetics, Inc.","133,003 USD"
RZLT,"Rezolute, Inc.","132,818 USD"
ELA,Envela Corp.,"132,554 USD"
CRVS,"Corvus Pharmaceuticals, Inc.","132,417 USD"
IDR,"Idaho Strategic Resources, Inc.","132,384 USD"
FRBK,"Republic First Bancorp, Inc.","132,078 USD"
 ,Forafric Global plc,"130,214 USD"
TLFA,"Tandy Leather Factory, Inc.","13,732 USD"
BLPH,"Bellerophon Therapeutics, Inc.","13,357 USD"
AFBI,"Affinity Bancshares, Inc.","129,567 USD"
TOON,"Kartoon Studios, Inc.","128,253 USD"
GORO,Gold Resource Corp.,"128,037 USD"
WMC,Western Asset Mortgage Capital Corp.,"126,912 USD"
SPRB,"Spruce Biosciences, Inc.","125,665 USD"
ISDR,Issuer Direct Corp.,"124,822 USD"
CULL,"Cullman Bancorp, Inc.","124,701 USD"
TZOO,Travelzoo,"124,339 USD"
KORE,"KORE Group Holdings, Inc.","123,870 USD"
BHM,"Bluerock Homes Trust, Inc.","123,310 USD"
VRAYQ,"ViewRay, Inc.","122,996 USD"
CIZN,Citizens Holding Co.,"121,744 USD"
SELF,"Global Self Storage, Inc.","121,346 USD"
OCEA,"Ocean Biomedical, Inc.","121,180 USD"
BKSC,Bank of South Carolina Corp.,"121,164 USD"
COGI,"Coda Octopus Group, Inc.","120,876 USD"
LFVN,Lifevantage Corp.,"120,095 USD"
OSA,"ProSomnus, Inc.","12,543 USD"
REFR,"Research Frontiers, Inc.","119,749 USD"
UONEK,"Urban One, Inc.","118,955 USD"
CLST,"Catalyst Bancorp, Inc.","117,756 USD"
RGS,Regis Corp.,"117,001 USD"
GANX,"Gain Therapeutics, Inc.","116,108 USD"
AUBN,"Auburn National BanCorp, Inc.","115,647 USD"
ULBI,Ultralife Corp.,"115,211 USD"
ADES,"Advanced Emissions Solutions, Inc.","114,732 USD"
LPTH,"LightPath Technologies, Inc.","114,562 USD"
FLUX,"Flux Power Holdings, Inc.","113,939 USD"
OESX,"Orion Energy Systems, Inc.","113,886 USD"
SRTS,"Sensus Healthcare, Inc.","113,838 USD"
AIRG,"Airgain, Inc.","113,092 USD"
OMIC,"Singular Genomics Systems, Inc.","113,078 USD"
XLO,"Xilio Therapeutics, Inc.","112,720 USD"
IVVD,"Invivyd, Inc.","112,541 USD"
CONN,"Conn's, Inc.","112,162 USD"
OSS,"One Stop Systems, Inc.","112,134 USD"
METCB,"Ramaco Resources, Inc.","111,872 USD"
FCUV,"Focus Universal, Inc.","111,809 USD"
STRM,"Streamline Health Solutions, Inc.","111,114 USD"
SND,"Smart Sand, Inc.","111,071 USD"
 ,"Contra CVR Catalyst, CVR","11,890 USD"
FLNT,"Fluent, Inc.","11,248 USD"
CRWS,"Crown Crafts, Inc.","108,762 USD"
SRT,"StarTek, Inc.","108,726 USD"
AXR,AMREP Corp.,"108,642 USD"
CVV,CVD Equipment Corp.,"108,634 USD"
PMCB,"PharmaCyte Biotech, Inc.","107,908 USD"
PRLD,"Prelude Therapeutics, Inc.","107,802 USD"
NL,"NL Industries, Inc.","107,581 USD"
NPCE,"NeuroPace, Inc.","107,302 USD"
PBHC,"Pathfinder Bancorp, Inc.","106,683 USD"
AP,Ampco-Pittsburgh Corp.,"106,590 USD"
BKTI,BK Technologies Corp.,"105,520 USD"
FUSB,"First US Bancshares, Inc.","105,235 USD"
FORA,"Forian, Inc.","104,708 USD"
BAFN,Bayfirst Financial Corp.,"104,260 USD"
QNCX,"Quince Therapeutics, Inc.","104,137 USD"
IDN,"Intellicheck, Inc.","103,720 USD"
PFIE,"Profire Energy, Inc.","103,656 USD"
LOAN,"Manhattan Bridge Capital, Inc.","103,434 USD"
GALT,"Galectin Therapeutics, Inc.","103,356 USD"
SLS,"SELLAS Life Sciences Group, Inc.","102,640 USD"
APT,Alpha Pro Tech Ltd.,"102,549 USD"
SLDB,"Solid Biosciences, Inc.","102,531 USD"
MEIP,"MEI Pharma, Inc.","102,253 USD"
RDI,"Reading International, Inc.","102,123 USD"
CSBR,"Champions Oncology, Inc.","101,823 USD"
LVLU,"Lulu's Fashion Lounge Holdings, Inc.","101,109 USD"
LNKB,"LINKBANCORP, Inc.","101,094 USD"
SOTK,Sono-Tek Corp.,"100,921 USD"
GIFI,"Gulf Island Fabrication, Inc.","100,747 USD"
MCHX,"Marchex, Inc.","100,708 USD"
BCOW,"1895 Bancorp of Wisconsin, Inc.","100,501 USD"
HCWB,"HCW Biologics, Inc.","100,482 USD"
HOOK,"Hookipa Pharma, Inc.","100,211 USD"
LUMO,"Lumos Pharma, Inc.","10,808 USD"
IMGN,"ImmunoGen, Inc.","10,704,026 USD"
TPHS,"Trinity Place Holdings, Inc.","10,624 USD"
XWEL,"XWELL, Inc.","10,331 USD"
CPIX,"Cumberland Pharmaceuticals, Inc.","10,289 USD"
NIR,"Near Intelligence, Inc.","10,214 USD"
SALM,"Salem Media Group, Inc.","10,074 USD"
RYTM,"Rhythm Pharmaceuticals, Inc.","1,983,021 USD"
GDEN,"Golden Entertainment, Inc.","1,982,156 USD"
AXLA,"Axcella Health, Inc.","1,966 USD"
LBAI,"Lakeland Bancorp, Inc.","1,964,152 USD"
BZH,"Beazer Homes USA, Inc.","1,952,576 USD"
OIGBQ,"Orbital Infrastructure Group, Inc.","1,941 USD"
CAL,"Caleres, Inc.","1,938,306 USD"
PRDO,Perdoceo Education Corp.,"1,931,004 USD"
LPG,Dorian LPG Ltd.,"1,928,547 USD"
PNT,"Point Biopharma Global, Inc.","1,916,335 USD"
BXC,"BlueLinx Holdings, Inc.","1,914,706 USD"
COGT,"Cogent Biosciences, Inc.","1,912,314 USD"
MVIS,"MicroVision, Inc.","1,900,512 USD"
UTL,Unitil Corp.,"1,887,477 USD"
LWLG,"Lightwave Logic, Inc.","1,871,138 USD"
QTRX,Quanterix Corp.,"1,860,330 USD"
RNA,"Avidity Biosciences, Inc.","1,836,304 USD"
FBMS,"First Bancshares, Inc. (The)","1,835,312 USD"
SPTN,SpartanNash Co.,"1,833,349 USD"
RXST,"RxSight, Inc.","1,830,125 USD"
NVRI,Enviri Corp.,"1,825,022 USD"
BFC,Bank First Corp.,"1,822,912 USD"
ADMA,"ADMA Biologics, Inc.","1,820,166 USD"
RDUS,"Schnitzer Steel Industries, Inc.","1,818,714 USD"
PKST,Peakstone Realty Trust,"1,816,168 USD"
GABC,"German American Bancorp, Inc.","1,803,855 USD"
BLFS,"BioLife Solutions, Inc.","1,802,410 USD"
COCO,"Vita Coco Co., Inc. (The)","1,801,392 USD"
SP,SP Plus Corp.,"1,789,908 USD"
VTLE,"Vital Energy, Inc.","1,789,294 USD"
 ,Babylon Holdings Ltd.,"1,781 USD"
THRY,"Thryv Holdings, Inc.","1,780,720 USD"
AOSL,Alpha & Omega Semiconductor Ltd.,"1,778,121 USD"
IMXI,"International Money Express, Inc.","1,777,395 USD"
SHYF,"Shyft Group, Inc. (The)","1,774,176 USD"
AKU,"Akumin, Inc.","1,773 USD"
NAT,Nordic American Tankers Ltd.,"1,766,995 USD"
MDXG,"MiMedx Group, Inc.","1,763,859 USD"
COLL,"Collegium Pharmaceutical, Inc.","1,745,676 USD"
SCSC,"ScanSource, Inc.","1,743,804 USD"
DCPH,"Deciphera Pharmaceuticals, Inc.","1,728,123 USD"
CHUY,"Chuy's Holdings, Inc.","1,723,992 USD"
HZO,"MarineMax, Inc.","1,711,109 USD"
DCGO,"DocGo, Inc.","1,708,348 USD"
IE,"Ivanhoe Electric, Inc.","1,705,071 USD"
BJRI,"BJ's Restaurants, Inc.","1,692,237 USD"
ACRS,"Aclaris Therapeutics, Inc.","1,688,288 USD"
AMRK,"A-Mark Precious Metals, Inc.","1,672,221 USD"
 ,Nano-X Imaging Ltd.,"1,665,779 USD"
MYE,"Myers Industries, Inc.","1,658,759 USD"
SMRT,"SmartRent, Inc.","1,654,395 USD"
KIDS,OrthoPediatrics Corp.,"1,632,448 USD"
ANIP,"ANI Pharmaceuticals, Inc.","1,628,627 USD"
MIRM,"Mirum Pharmaceuticals, Inc.","1,622,178 USD"
CRAI,"CRA International, Inc.","1,621,086 USD"
WTTR,"Select Water Solutions, Inc.","1,620,024 USD"
KOP,"Koppers Holdings, Inc.","1,608,633 USD"
SLP,"Simulations Plus, Inc.","1,605,810 USD"
LASR,"nLight, Inc.","1,594,875 USD"
VTOL,"Bristow Group, Inc.","1,593,050 USD"
QCRH,"QCR Holdings, Inc.","1,588,805 USD"
DX,"Dynex Capital, Inc.","1,585,383 USD"
EVLV,"Evolv Technologies Holdings, Inc.","1,585,326 USD"
AORT,"Artivion, Inc.","1,580,260 USD"
DENN,Denny's Corp.,"1,578,648 USD"
PLOW,"Douglas Dynamics, Inc.","1,573,511 USD"
ARCT,"Arcturus Therapeutics Holdings, Inc.","1,569,226 USD"
EBIX,"Ebix, Inc.","1,561,090 USD"
SXC,"SunCoke Energy, Inc.","1,556,119 USD"
KE,"Kimball Electronics, Inc.","1,553,635 USD"
MTW,"Manitowoc Co., Inc. (The)","1,540,181 USD"
EGLE,"Eagle Bulk Shipping, Inc.","1,531,227 USD"
RICK,"RCI Hospitality Holdings, Inc.","1,528,083 USD"
CHS,"Chico's FAS, Inc.","1,520,315 USD"
ETD,"Ethan Allen Interiors, Inc.","1,512,754 USD"
APLD,Applied Digital Corp.,"1,498,496 USD"
SOUN,"SoundHound AI, Inc.","1,493,770 USD"
OFIX,"Orthofix Medical, Inc.","1,490,618 USD"
TBPH,"Theravance Biopharma, Inc.","1,489,800 USD"
HAYN,"Haynes International, Inc.","1,483,588 USD"
AMBC,"Ambac Financial Group, Inc.","1,480,761 USD"
ACMR,"ACM Research, Inc.","1,477,464 USD"
ACHR,"Archer Aviation, Inc.","1,475,730 USD"
TRNS,"Transcat, Inc.","1,469,891 USD"
ID,"PARTS iD, Inc.","1,452 USD"
FPI,"Farmland Partners, Inc.","1,449,693 USD"
CLFD,"Clearfield, Inc.","1,447,632 USD"
FAT,"FAT Brands, Inc.","1,447 USD"
CNOB,"ConnectOne Bancorp, Inc.","1,443,380 USD"
BDGE,"Dime Community Bancshares, Inc.","1,437,550 USD"
UHT,Universal Health Realty Income Trust,"1,434,252 USD"
TITN,"Titan Machinery, Inc.","1,424,909 USD"
HY,"Hyster-Yale Materials Handling, Inc.","1,423,194 USD"
STKL,"SunOpta, Inc.","1,420,702 USD"
BLX,Banco Latinoamericano de Comercio Exterior SA,"1,418,789 USD"
UBA,"Urstadt Biddle Properties, Inc.","1,417,957 USD"
ADIL,"Adial Pharmaceuticals, Inc.","1,408 USD"
TWI,"Titan International, Inc.","1,405,990 USD"
HSTM,"HealthStream, Inc.","1,405,692 USD"
BELFB,"Bel Fuse, Inc.","1,402,699 USD"
OSPN,"OneSpan, Inc.","1,396,118 USD"
SWBI,"Smith & Wesson Brands, Inc.","1,393,050 USD"
CBLAQ,"CBL & Associates Properties, Inc.","1,390,261 USD"
HCCI,"Heritage-Crystal Clean, Inc.","1,387,006 USD"
CEVA,"CEVA, Inc.","1,386,854 USD"
GNK,Genco Shipping & Trading Ltd.,"1,379,373 USD"
DAWN,"Day One Biopharmaceuticals, Inc.","1,378,819 USD"
YORW,York Water Co. (The),"1,377,758 USD"
VSEC,VSE Corp.,"1,372,117 USD"
SNBR,Sleep Number Corp.,"1,369,429 USD"
BBSI,"Barrett Business Services, Inc.","1,368,778 USD"
ATEX,"Anterix, Inc.","1,367,931 USD"
CRMT,"America's Car-Mart, Inc.","1,364,192 USD"
KELYA,"Kelly Services, Inc.","1,363,261 USD"
IIIN,"Insteel Industries, Inc.","1,361,313 USD"
TCMD,"Tactile Systems Technology, Inc.","1,353,724 USD"
AVXL,Anavex Life Sciences Corp.,"1,340,296 USD"
FDMT,"4D Molecular Therapeutics, Inc.","1,331,199 USD"
PFC,Premier Financial Corp.,"1,329,884 USD"
OSBC,"Old Second Bancorp, Inc.","1,328,659 USD"
VVOS,"Vivos Therapeutics, Inc.","1,316 USD"
HCKT,"Hackett Group, Inc. (The)","1,306,737 USD"
GMRE,"Global Medical REIT, Inc.","1,303,855 USD"
XPER,"Xperi, Inc.","1,303,809 USD"
CTBI,"Community Trust Bancorp, Inc.","1,302,573 USD"
RAPT,"RAPT Therapeutics, Inc.","1,296,452 USD"
POWL,"Powell Industries, Inc.","1,296,020 USD"
LYEL,"Lyell Immunopharma, Inc.","1,294,015 USD"
FREQ,"Frequency Therapeutics, Inc.","1,293 USD"
ALNT,"Allied Motion Technologies, Inc.","1,290,541 USD"
AGEN,"Agenus, Inc.","1,287,766 USD"
HA,"Hawaiian Holdings, Inc.","1,287,543 USD"
VVI,Viad Corp.,"1,285,993 USD"
LAND,Gladstone Land Corp.,"1,279,570 USD"
KRUS,"Kura Sushi USA, Inc.","1,275,181 USD"
VERA,"Vera Therapeutics, Inc.","1,273,327 USD"
MRNS,"Marinus Pharmaceuticals, Inc.","1,270,479 USD"
REX,REX American Resources Corp.,"1,267,711 USD"
SHCR,"Sharecare, Inc.","1,267,466 USD"
BASE,"Couchbase, Inc.","1,264,588 USD"
DHC,Diversified Healthcare Trust,"1,264,396 USD"
TBI,"TrueBlue, Inc.","1,263,644 USD"
PFBC,Preferred Bank,"1,259,271 USD"
SRZN,"Surrozen, Inc.","1,259 USD"
BRY,Berry Corp.,"1,257,031 USD"
MCFT,"MasterCraft Boat Holdings, Inc.","1,256,773 USD"
GLDD,Great Lakes Dredge & Dock Corp.,"1,256,159 USD"
FC,Franklin Covey Co.,"1,253,922 USD"
CASS,"Cass Information Systems, Inc.","1,240,805 USD"
ACRE,Ares Commercial Real Estate Corp.,"1,235,631 USD"
DXPE,"DXP Enterprises, Inc.","1,234,081 USD"
CLW,Clearwater Paper Corp.,"1,233,851 USD"
UVSP,Univest Financial Corp.,"1,230,615 USD"
FCBC,"First Community Bankshares, Inc.","1,229,663 USD"
HSII,"Heidrick & Struggles International, Inc.","1,225,137 USD"
EBF,"Ennis, Inc.","1,220,354 USD"
ATRO,Astronics Corp.,"1,213,069 USD"
SBOW,"SilverBow Resources, Inc.","1,212,994 USD"
IIIV,"I3 Verticals, Inc.","1,211,008 USD"
GDYN,"Grid Dynamics Holdings, Inc.","1,205,506 USD"
TSVT,"2seventy bio, Inc.","1,194,332 USD"
CCO,"Clear Channel Outdoor Holdings, Inc.","1,193,486 USD"
RGP,"Resources Connection, Inc.","1,191,462 USD"
TILE,"Interface, Inc.","1,185,437 USD"
ASC,Ardmore Shipping Corp.,"1,185,427 USD"
CVGW,"Calavo Growers, Inc.","1,180,940 USD"
WRLD,World Acceptance Corp.,"1,177,814 USD"
DHIL,"Diamond Hill Investment Group, Inc.","1,168,609 USD"
SRI,"Stoneridge, Inc.","1,166,721 USD"
AGX,"Argan, Inc.","1,165,748 USD"
GOOD,Gladstone Commercial Corp.,"1,163,547 USD"
HROW,"Harrow Health, Inc.","1,163,268 USD"
HTBK,Heritage Commerce Corp.,"1,155,673 USD"
DCO,"Ducommun, Inc.","1,143,408 USD"
CORR,"CorEnergy Infrastructure Trust, Inc.","1,138 USD"
ACCO,ACCO Brands Corp.,"1,131,393 USD"
LUNG,Pulmonx Corp.,"1,130,488 USD"
ZEUS,"Olympic Steel, Inc.","1,128,029 USD"
AVD,American Vanguard Corp.,"1,127,329 USD"
TRST,TrustCo Bank Corp.,"1,126,748 USD"
IVR,"Invesco Mortgage Capital, Inc.","1,124,645 USD"
DYN,"Dyne Therapeutics, Inc.","1,124,021 USD"
EGHT,"8x8, Inc.","1,123,712 USD"
HOV,"Hovnanian Enterprises, Inc.","1,122,859 USD"
ELVN,"Enliven Therapeutics, Inc.","1,119,264 USD"
KIND,"Nextdoor Holdings, Inc.","1,115,657 USD"
WSR,Whitestone REIT,"1,103,957 USD"
OIS,"Oil States International, Inc.","1,103,730 USD"
NRIX,"Nurix Therapeutics, Inc.","1,100,458 USD"
OABI,"OmniAb, Inc.","1,099,825 USD"
EOSE,"Eos Energy Enterprises, Inc.","1,096,610 USD"
MCRB,"Seres Therapeutics, Inc.","1,095,320 USD"
FMBH,"First Mid Bancshares, Inc.","1,092,601 USD"
PGC,Peapack-Gladstone Financial Corp.,"1,089,239 USD"
IESC,"IES Holdings, Inc.","1,088,001 USD"
NVEC,NVE Corp.,"1,086,748 USD"
GSBC,"Great Southern Bancorp, Inc.","1,083,542 USD"
ZYME,"Zymeworks, Inc.","1,082,868 USD"
MITK,"Mitek Systems, Inc.","1,081,236 USD"
QNST,"QuinStreet, Inc.","1,079,335 USD"
VPG,"Vishay Precision Group, Inc.","1,075,530 USD"
CTLP,"Cantaloupe, Inc.","1,074,114 USD"
HIBB,"Hibbett, Inc.","1,073,857 USD"
ROVR,"Rover Group, Inc.","1,072,128 USD"
FMNB,Farmers National Banc Corp.,"1,068,842 USD"
ORGN,"Origin Materials, Inc.","1,063,219 USD"
BY,"Byline Bancorp, Inc.","1,056,402 USD"
HBNC,"Horizon Bancorp, Inc.","1,055,782 USD"
CLDT,Chatham Lodging Trust,"1,051,933 USD"
CAC,Camden National Corp.,"1,043,906 USD"
AMTB,"Amerant Bancorp, Inc.","1,043,605 USD"
CFB,"CrossFirst Bankshares, Inc.","1,042,930 USD"
AAN,"Aaron's Co., Inc. (The)","1,041,482 USD"
CDNA,"CareDx, Inc.","1,039,771 USD"
EXFY,"Expensify, Inc.","1,036,307 USD"
HVT,"Haverty Furniture Cos., Inc.","1,034,280 USD"
KNSA,Kiniksa Pharmaceuticals Ltd.,"1,031,332 USD"
UFCS,"United Fire Group, Inc.","1,030,803 USD"
CERS,Cerus Corp.,"1,025,751 USD"
BMEA,"Biomea Fusion, Inc.","1,025,394 USD"
CSV,"Carriage Services, Inc.","1,023,974 USD"
TPIC,"TPI Composites, Inc.","1,022,503 USD"
MBWM,Mercantile Bank Corp.,"1,020,918 USD"
IAUX,i-80 Gold Corp.,"1,019,243 USD"
SD,"SandRidge Energy, Inc.","1,016,992 USD"
BOC,Boston Omaha Corp.,"1,015,264 USD"
RCEL,"Avita Medical, Inc.","1,006,941 USD"
SRDX,"Surmodics, Inc.","1,006,241 USD"
USLM,"United States Lime & Minerals, Inc.","1,003,925 USD"
TARS,"Tarsus Pharmaceuticals, Inc.","1,001,439 USD"
BNMV,"BitNile Metaverse, Inc.",0 USD
INO,"Inovio Pharmaceuticals, Inc.",0 USD
ABIO,"ARCA biopharma, Inc.",0 USD
FUV,"Arcimoto, Inc.",0 USD
XOS,"Xos, Inc.",0 USD
FNCH,"Finch Therapeutics Group, Inc.",0 USD
EVLO,"Evelo Biosciences, Inc.",0 USD
OCTO,"Cryptyde, Inc.",0 USD
NEXI,"NexImmune, Inc.",0 USD
LOCL,Local Bounti Corp.,0 USD
RGTI,"Rigetti Computing, Inc.",0 USD
 ,Wejo Group Ltd.,0 USD
VTGN,"VistaGen Therapeutics, Inc.",0 USD
MIMO,"Airspan Networks Holdings, Inc.",0 USD
GRNVR,"Micromobility.com, Inc.",0 USD
CENN,Cenntro Electric Group Ltd.,0 USD
VERO,"Venus Concept, Inc.",0 USD
MULN,"Mullen Automotive, Inc.",0 USD
HYMC,Hycroft Mining Holding Corp.,0 USD
TIG,"Trean Insurance Group, Inc.",0 USD
ATOS,"Atossa Therapeutics, Inc.",0 USD
CHRA,"Charah Solutions, Inc.",0 USD
INTZ,"Intrusion, Inc.",0 USD
MKFG,Markforged Holding Corp.,0 USD
HEPA,"Hepion Pharmaceuticals, Inc.",0 USD
STCN,"Steel Connect, Inc.",0 USD
AGLE,"Aeglea BioTherapeutics, Inc.",0 USD
AGM,Federal Agricultural Mortgage Corp.,0 USD
EBET,"EBET, Inc.",0 USD
ALIM,"Alimera Sciences, Inc.",0 USD
GERN,Geron Corp.,0 USD
AUDAD,"Audacy, Inc.",0 USD
WWR,"Westwater Resources, Inc.",0 USD
DALN,DallasNews Corp.,0 USD
PARR,"Par Pacific Holdings, Inc.",0 USD
RCAT,"Red Cat Holdings, Inc.",0 USD
FFIE,"Faraday Future Intelligent Electric, Inc.",0 USD
GVP,"GSE Systems, Inc.",0 USD
NSYS,"Nortech Systems, Inc.",0 USD
AKRO,"Akero Therapeutics, Inc.",0 USD
TNK,Teekay Tankers Ltd.,0 USD
ML,"Moneylion, Inc.",0 USD
ADN,"Advent Technologies Holdings, Inc.",0 USD
SABS,"SAB Biotherapeutics, Inc.",0 USD
PHUN,"Phunware, Inc.",0 USD
AVRO,"Avrobio, Inc.",0 USD
TNON,"Tenon Medical, Inc.",0 USD
RCKT,"Rocket Pharmaceuticals, Inc.",0 USD
RUTH,"Ruth's Hospitality Group, Inc.",0 USD
OPY,"Oppenheimer Holdings, Inc.",0 USD
MNTS,"Momentus, Inc.",0 USD
APTX,"Aptinyx, Inc.",0 USD
MODDD,"Modular Medical, Inc.",0 USD
HARP,"Harpoon Therapeutics, Inc.",0 USD
BWV,"Blue Water Vaccines, Inc.",0 USD
CTS,CTS Corp.,0 USD
BRDS,"Bird Global, Inc.",0 USD
HGEN,"Humanigen, Inc.",0 USD
DBD,"Diebold Nixdorf, Inc.",0 USD
BKTI,BK Technologies Corp.,0 USD
ATIP,"ATI Physical Therapy, Inc.",0 USD
KROS,"Keros Therapeutics, Inc.",0 USD
KDNY,"Chinook Therapeutics, Inc.",0 USD
TCRR,"TCR2 Therapeutics, Inc.",0 USD
WATT,Energous Corp.,0 USD
NMRD,"Nemaura Medical, Inc.",0 USD
NTRB,"Nutriband, Inc.",0 USD
DTIL,"Precision BioSciences, Inc.",0 USD
APEN,"Apollo Endosurgery, Inc.",0 USD
HLIT,"Harmonic, Inc.",0 USD
BLND,"Blend Labs, Inc.",0 USD
DOMA,"Doma Holdings, Inc.",0 USD
POL,"Polished.com, Inc.",0 USD
LABP,"Landos Biopharma, Inc.",0 USD
HCDI,"Harbor Custom Development, Inc.",0 USD
EZPW,"EZCORP, Inc.",0 USD
DNTH,"Magenta Therapeutics, Inc.",0 USD
SEAC,"SeaChange International, Inc.",0 USD
ELTX,Angion Biomedica Corp.,0 USD
PLXPQ,"PLx Pharma, Inc.",0 USD
IMVT,"Immunovant, Inc.",0 USD
SURF,"Surface Oncology, Inc.",0 USD
POLA,"Polar Power, Inc.",0 USD
DATS,"DatChat, Inc.",0 USD
TCON,"Tracon Pharmaceuticals, Inc.",0 USD
SUNL,"Sunlight Financial Holdings, Inc.",0 USD
IDAI,"T Stamp, Inc.",0 USD
PI,"Impinj, Inc.",0 USD
LMST,"Limestone Bancorp, Inc.",0 USD
PTGX,"Protagonist Therapeutics, Inc.",0 USD
SGTX,"Sigilon Therapeutics, Inc.",0 USD
BFRI,"Biofrontera, Inc.",0 USD
QTEKQ,"QualTek Services, Inc.",0 USD
DICE,"DICE Therapeutics, Inc.",0 USD
 ,National Energy Services Reunited Corp.,0 USD
MBRX,"Moleculin Biotech, Inc.",0 USD
GTBP,"GT Biopharma, Inc.",0 USD
TSHA,"Taysha Gene Therapies, Inc.",0 USD
NLTX,"Neoleukin Therapeutics, Inc.",0 USD
BOXL,Boxlight Corp.,0 USD
HVBC,"HV Bancorp, Inc.",0 USD
ENVA,"Enova International, Inc.",0 USD
IRNT,"IronNet, Inc.",0 USD
HUSA,Houston American Energy Corp.,0 USD
NVVE,Nuvve Holding Corp.,0 USD
BLBX,"Blackboxstocks, Inc.",0 USD
AMLX,"Amylyx Pharmaceuticals, Inc.",0 USD
GATO,"Gatos Silver, Inc.",0 USD
SOND,"Sonder Holdings, Inc.",0 USD
MXC,Mexco Energy Corp.,0 USD
HIMS,"Hims & Hers Health, Inc.",0 USD
BNGO,"Bionano Genomics, Inc.",0 USD
JNCE,"Jounce Therapeutics, Inc.",0 USD
MCRI,"Monarch Casino & Resort, Inc.",0 USD
ASTR,"Astra Space, Inc.",0 USD
PRTA,Prothena Corp. plc,0 USD
VIEW,"View, Inc.",0 USD
NBSE,"NeuBase Therapeutics, Inc.",0 USD
LTRY,"Lottery.com, Inc.",0 USD
OUST,"Ouster, Inc.",0 USD
ZEV,"Lightning eMotors, Inc.",0 USD
VHC,VirnetX Holding Corp.,0 USD
FATH,Fathom Digital Manufacturing C,0 USD
AC,"Associated Capital Group, Inc.",0 USD
VBIV,"VBI Vaccines, Inc.",0 USD
STSA,"Satsuma Pharmaceuticals, Inc.",0 USD
DGLY,"Digital Ally, Inc.",0 USD
SCTL,"Societal CDMO, Inc.",0 USD
ADVM,"Adverum Biotechnologies, Inc.",0 USD
ELDN,"Eledon Pharmaceuticals, Inc.",0 USD
GLSH,"Gelesis Holdings, Inc.",0 USD
INSW,"International Seaways, Inc.",0 USD
AVID,"Avid Technology, Inc.",0 USD
CTHR,Charles & Colvard Ltd.,0 USD
RIDEQ,Lordstown Motors Corp.,0 USD
SPIR,"Spire Global, Inc.",0 USD
PRVB,"Provention Bio, Inc.",0 USD
SNDX,"Syndax Pharmaceuticals, Inc.",0 USD
VVX,"V2X, Inc.",0 USD
DFIN,"Donnelley Financial Solutions, Inc.",0 USD
RXDX,"Prometheus Biosciences, Inc.",0 USD
PEARQ,"Pear Therapeutics, Inc.",0 USD
AXDX,"Accelerate Diagnostics, Inc.",0 USD
PLM,PolyMet Mining Corp.,0 USD
URG,"Ur-Energy, Inc.",0 USD
NCMI,"National CineMedia, Inc.",0 USD
ISUN,"iSun, Inc.",0 USD
TISI,"Team, Inc.",0 USD
BODY,"Beachbody Co., Inc. (The)",0 USD
VSTM,"Verastem, Inc.",0 USD
VINE,"Fresh Vine Wine, Inc.",0 USD
FBIO,"Fortress Biotech, Inc.",0 USD
AGFS,"AgroFresh Solutions, Inc.",0 USD
APPHQ,"AppHarvest, Inc.",0 USD
AFMD,Affimed NV,0 USD
ATEC,"Alphatec Holdings, Inc.",0 USD
VIRI,"Virios Therapeutics, Inc.",0 USD
TGL,"Treasure Global, Inc.",0 USD
CRIS,"Curis, Inc.",0 USD
LPTX,"Leap Therapeutics, Inc.",0 USD
BRPAR,"NRX Pharmaceuticals, Inc.",0 USD
AKA,aka Brands Holding Corp.,0 USD
GREE,"Greenidge Generation Holdings, Inc.",0 USD
LTCH,"Latch, Inc.",0 USD
PED,PEDEVCO Corp.,0 USD
DVAX,Dynavax Technologies Corp.,0 USD
WLMSQ,"Williams Industrial Services Group, Inc.",0 USD
SLE,"Super League Gaming, Inc.",0 USD
PCSA,"Processa Pharmaceuticals, Inc.",0 USD
ATER,"Aterian, Inc.",0 USD
PDFS,"PDF Solutions, Inc.",0 USD
METC,"Ramaco Resources, Inc.",0 USD
 ,Contra Communications,0 USD
 ,"Disc Medicine, Inc.",0 USD
XPOF,"Xponential Fitness, Inc.",0 USD
STR,Sitio Royalties Corp.,0 USD
CTIC,CTI BioPharma Corp.,0 USD
MGAM,"Mobile Global Esports, Inc.",0 USD
EGIO,"Edgio, Inc.",0 USD
TALK,"Talkspace, Inc.",0 USD
MAPS,"WM Technology, Inc.",0 USD
ENG,ENGlobal Corp.,0 USD
TOI,"Oncology Institute, Inc. (The)",0 USD
ERII,"Energy Recovery, Inc.",0 USD
ZDGE,"Zedge, Inc.",0 USD
TA,"TravelCenters of America, Inc.",0 USD
MGI,"MoneyGram International, Inc.",0 USD
LPCN,"Lipocine, Inc.",0 USD
CISO,Cerberus Cyber Sentinel Corp.,0 USD
BTCS,"BTCS, Inc.",0 USD
VKTX,"Viking Therapeutics, Inc.",0 USD
IMBIQ,"iMedia Brands, Inc.",0 USD
VRM,"Vroom, Inc.",0 USD
GNPX,"Genprex, Inc.",0 USD
LODE,"Comstock, Inc.",0 USD
SENS,"Senseonics Holdings, Inc.",0 USD
 ,NeoGames SA,0 USD
AUID,"authID, Inc.",0 USD
SHPW,"Shapeways Holdings, Inc.",0 USD
CLDX,"Celldex Therapeutics, Inc.",0 USD
RDNT,"RadNet, Inc.",0 USD
LFLY,"Leafly Holdings, Inc.",0 USD
NUVL,"Nuvalent, Inc.",0 USD
PIRS,"Pieris Pharmaceuticals, Inc.",0 USD
BOXDQ,"Boxed, Inc.",0 USD
INSG,Inseego Corp.,0 USD
ATCX,"Atlas Technical Consultants, Inc.",0 USD
HALL,"Hallmark Financial Services, Inc.",0 USD
KBAL,"Kimball International, Inc.",0 USD
TBBK,"Bancorp, Inc. (The)",0 USD
CHEF,"Chefs' Warehouse, Inc. (The)",0 USD
HYZN,"Hyzon Motors, Inc.",0 USD
EXPR,"Express, Inc.",0 USD
FIXX,"Homology Medicines, Inc.",0 USD
NTWK,"NetSol Technologies, Inc.",0 USD
 ,SAITECH Global Corp.,0 USD
UP,"Wheels Up Experience, Inc.",0 USD
ACER,"Acer Therapeutics, Inc.",0 USD
BBIG,"Vinco Ventures, Inc.",0 USD
SUNW,"Sunworks, Inc.",0 USD
UGRO,"Urban-Gro, Inc.",0 USD
CARV,"Carver Bancorp, Inc.",0 USD
SQFT,"Presidio Property Trust, Inc.",0 USD
SNCE,"Science 37 Holdings, Inc.",0 USD
SIEN,"Sientra, Inc.",0 USD
UTRS,"Minerva Surgical, Inc.",0 USD
GRBK,"Green Brick Partners, Inc.",0 USD
APRN,"Blue Apron Holdings, Inc.",0 USD
CSII,"Cardiovascular Systems, Inc.",0 USD
ISPO,"Inspirato, Inc.",0 USD
CARS,"Cars.com, Inc.",0 USD
ACLX,"Arcellx, Inc.",0 USD
WISH,"ContextLogic, Inc.",0 USD
TH,Target Hospitality Corp.,0 USD
OIGBQ,"Orbital Infrastructure Group, Inc.",0 USD
CPTN,"Cepton, Inc.",0 USD
SFT,"Shift Technologies, Inc.",0 USD
AGYS,"Agilysys, Inc.",0 USD
PAVM,"PAVmed, Inc.",0 USD
CPRX,"Catalyst Pharmaceuticals, Inc.",0 USD
OWLT,"Owlet, Inc.",0 USD
WGS,GeneDx Holdings Corp.,0 USD
STRC,Sarcos Technology & Robotics Corp.,0 USD
RYI,Ryerson Holding Corp.,0 USD
RVYL,"Ryvyl, Inc.",0 USD
AMTI,"Applied Molecular Transport, Inc.",0 USD
DMS,"Digital Media Solutions, Inc.",0 USD
TMDX,"TransMedics Group, Inc.",0 USD
VAPO,"Vapotherm, Inc.",0 USD
PLRX,"Pliant Therapeutics, Inc.",0 USD
EFTR,"eFFECTOR Therapeutics, Inc.",0 USD
MBOT,"Microbot Medical, Inc.",0 USD
SDPI,"Superior Drilling Products, Inc.",0 USD
VXRT,"Vaxart, Inc.",0 USD
HLGN,"Heliogen, Inc.",0 USD
PRSO,"Peraso, Inc.",0 USD
BORR,Borr Drilling Ltd.,0 USD
XXII,"22nd Century Group, Inc.",0 USD
 ,,0 USD
TFFP,"TFF Pharmaceuticals, Inc.",0 USD
IZEA,"IZEA Worldwide, Inc.",0 USD
SDIG,"Stronghold Digital Mining, Inc.",0 USD
VTYX,"Ventyx Biosciences, Inc.",0 USD
CGRN,Capstone Green Energy Corp.,0 USD
LIDR,"AEye, Inc.",0 USD
NHWK,"NightHawk Biosciences, Inc.",0 USD
ENSV,Enservco Corp.,0 USD
